Produkty: ['Canyon S15 VCLS 2.0', 'IBS-V1X', 'FORCE-AXS-LEWA', 'FORCE-AXS-PRAWA', 'X0-CASSETTE', 'GX-DERAILLEUR', 'X0-CHAIN', 'XX-SL-POWERMETER', 'GARBARUK-40T-AERO']
[KONFIG] SERPAPI_KEY: 64 znakow, odcisk sha256 31b3c0ca
[KONFIG] SERPER_API_KEY: 40 znakow, odcisk sha256 246ee4c4
[DISCOVERY] Tryb weekly - dzis pomijam (silniki: ['serpapi', 'serpapi_shopping', 'serper', 'tavily', 'google']), monitoring dziala normalnie
[SERPAPI] Limit: pozostalo 75 z 250 (zuzyte w tym miesiacu: 175)
[FX] Kursy NBP pobrane (33 walut)
[MONITOR] Canyon S15 VCLS 2.0: sprawdzam 161 URL-i
  + canyon.com: 199.99 EUR = 875.46 PLN
  ~ handsonbike.blogspot.com: brak ceny, ale znalazlem 3 link(i) produktowe - sprawdzam
  + canyon.com: 199.99 EUR = 875.46 PLN
[BROWSER] Start headless Chromium (fallback na blokady botow)
  - velonova.lt: HTTP 403 (przegladarka tez nie przeszla)
  + canyon.com: 909.99 PLN = 909.99 PLN
  + mtbiker.pl: blokada ominieta headless Chromium
  - mtbiker.pl: niedostepny (discontinued)
  - canyon.com: brak wymaganych slow (s15) - pomijam
  + canyon.com: 199.99 EUR = 875.46 PLN
  + canyon.com: 199.99 EUR = 875.46 PLN
  - canyon.com: waluta USD poza dozwolonym regionem - pomijam
  + mtbiker.it: blokada ominieta headless Chromium
  - mtbiker.it: niedostepny (discontinued)
  + canyon.com: 5099.0 CZK = 916.29 PLN
  + mtbiker.cz: blokada ominieta headless Chromium
  - mtbiker.cz: niedostepny (discontinued)
  + canyon.com: 199.99 EUR = 875.46 PLN
  - canyon.com: waluta GBP poza dozwolonym regionem - pomijam
  - gravelunion.cc: brak danych o cenie (typy na stronie: brak JSON-LD)
  - canyon.com: brak wymaganych slow (s15) - pomijam
  + canyon.com: 199.99 EUR = 875.46 PLN
  - fiets.nl: HTTP 405
  - weightweenies.starbike.com: HTTP 403 (przegladarka tez nie przeszla)
  + canyon.com: 199.99 EUR = 875.46 PLN
  - rennrad-news.de: HTTP 403 (przegladarka tez nie przeszla)
  ~ kleinanzeigen.de: brak ceny, ale znalazlem 3 link(i) produktowe - sprawdzam
  - cyclingclaude.de: brak danych o cenie (typy na stronie: blogposting, breadcrumblist, hentry, imageobject, organization, person, sportsteam, webpage, website)
  - canyon.com: brak wymaganych slow (s15) - pomijam
  - testberichte.de: brak danych o cenie (typy na stronie: breadcrumblist, organization, product)
  + canyon.com: 909.99 PLN = 909.99 PLN
  + canyon.com: 179.99 CHF = 844.98 PLN
  - bike-magazin.de: brak danych o cenie (typy na stronie: article, breadcrumblist, newsmediaorganization, webpage, website)
  - kleinanzeigen.de: brak danych o cenie (typy na stronie: imageobject, website)
  - buycycle.com: brak danych o cenie (typy na stronie: breadcrumblist, collectionpage, itemlist, organization, website)
  - canyon.com: brak wymaganych slow (s15) - pomijam
  - canyon.com: brak danych o cenie (typy na stronie: organization)
  - canyon.com: brak danych o cenie (typy na stronie: breadcrumblist, organization)
  - testbericht.de: brak danych o cenie (typy na stronie: breadcrumblist)
  - kleinanzeigen.de: brak danych o cenie (typy na stronie: imageobject, website)
  - willhaben.at: niedostepny (soldout)
  - ricardo.ch: HTTP 403 (przegladarka tez nie przeszla)
  - bike-magazin.de: brak danych o cenie (typy na stronie: article, breadcrumblist, newsmediaorganization, webpage, website)
  - rennrad-news.de: pomijam (blokada potwierdzona w tym runie)
  + mtbiker.pl: blokada ominieta headless Chromium
  - mtbiker.pl: niedostepny (discontinued)
  + olx.pl: blokada ominieta headless Chromium
  + olx.pl: 1239.0 PLN = 1239.0 PLN
  + mtbiker.pl: blokada ominieta headless Chromium
  - mtbiker.pl: niedostepny (discontinued)
  - forumrowerowe.org: brak danych o cenie (typy na stronie: breadcrumblist, discussionforumposting, organization, website)
  + mtbiker.pl: blokada ominieta headless Chromium
  - mtbiker.pl: niedostepny (discontinued)
  - olx.pl: blokada botow (przegladarka tez nie przeszla)
  - buycycle.com: brak danych o cenie (typy na stronie: breadcrumblist, collectionpage, itemlist, organization, website)
  + mtbiker.pl: blokada ominieta headless Chromium
  - mtbiker.pl: niedostepny (discontinued)
  - olx.pl: pomijam (blokada potwierdzona w tym runie)
  + mtbiker.pl: blokada ominieta headless Chromium
  - mtbiker.pl: niedostepny (discontinued)
  + biclo.pl: blokada ominieta headless Chromium
  + biclo.pl: 500.0 RON = 409.55 PLN
  - olx.pl: pomijam (blokada potwierdzona w tym runie)
  - forumrowerowe.org: brak danych o cenie (typy na stronie: breadcrumblist, discussionforumposting, organization, website)
  - buycycle.com: niedostepny (soldout)
  - road.cc: brak danych o cenie (typy na stronie: discussionforumposting)
  - buycycle.com: brak danych o cenie (typy na stronie: breadcrumblist, collectionpage, itemlist, organization, website)
  + mtbiker.de: blokada ominieta headless Chromium
  - mtbiker.de: niedostepny (discontinued)
  - easypath.pl: brak danych o cenie (typy na stronie: brak JSON-LD)
  - canyon.com: brak wymaganych slow (s15) - pomijam
  + canyon.com: 5099.0 CZK = 916.29 PLN
  + mtbiker.cz: blokada ominieta headless Chromium
  - mtbiker.cz: niedostepny (discontinued)
  - canyon.com: waluta USD poza dozwolonym regionem - pomijam
  + canyon.com: 206.99 EUR = 906.1 PLN
  + mtbiker.de: blokada ominieta headless Chromium
  - mtbiker.de: niedostepny (discontinued)
  - kleinanzeigen.de: brak danych o cenie (typy na stronie: imageobject, website)
  - cyclingclaude.de: brak danych o cenie (typy na stronie: blogposting, breadcrumblist, hentry, imageobject, organization, person, sportsteam, webpage, website)
  + canyon.com: 199.99 EUR = 875.46 PLN
  - velonova.lt: pomijam (blokada potwierdzona w tym runie)
  - olx.pl: pomijam (blokada potwierdzona w tym runie)
  - mtbiker.pl: blokada botow (przegladarka tez nie przeszla)
  - canyon.com: brak danych o cenie (typy na stronie: organization)
  + canyon.com: 909.99 PLN = 909.99 PLN
  + canyon.com: 199.99 EUR = 875.46 PLN
  + canyon.com: 2499.0 NOK = 1018.84 PLN
  + canyon.com: 199.99 EUR = 875.46 PLN
  + canyon.com: 210.99 EUR = 923.61 PLN
  + canyon.com: 199.99 EUR = 875.46 PLN
  + canyon.com: 199.99 EUR = 875.46 PLN
  + canyon.com: 199.99 EUR = 875.46 PLN
  - canyon.com: waluta USD poza dozwolonym regionem - pomijam
  + canyon.com: 199.99 EUR = 875.46 PLN
  + canyon.com: 199.99 EUR = 875.46 PLN
  - canyon.com: waluta USD poza dozwolonym regionem - pomijam
  + canyon.com: 199.99 EUR = 875.46 PLN
  - canyon.com: waluta USD poza dozwolonym regionem - pomijam
  + canyon.com: 2299.0 SEK = 900.52 PLN
  + canyon.com: 1599.0 DKK = 936.37 PLN
  - canyon.com: waluta USD poza dozwolonym regionem - pomijam
  - canyon.com: waluta USD poza dozwolonym regionem - pomijam
  + canyon.com: 199.99 EUR = 875.46 PLN
  + canyon.com: 199.99 EUR = 875.46 PLN
  - canyon.com: brak danych o cenie (typy na stronie: breadcrumblist, organization)
  - canyon.com: brak wymaganych slow (s15) - pomijam
  - canyon.com: waluta USD poza dozwolonym regionem - pomijam
  - canyon.com: waluta USD poza dozwolonym regionem - pomijam
  - buycycle.com: brak danych o cenie (typy na stronie: breadcrumblist, collectionpage, itemlist, organization, website)
  + canyon.com: 199.99 EUR = 875.46 PLN
  - weightweenies.starbike.com: pomijam (blokada potwierdzona w tym runie)
  - mtbiker.pl: pomijam (blokada potwierdzona w tym runie)
  - mtbiker.pl: pomijam (blokada potwierdzona w tym runie)
  - buycycle.com: brak danych o cenie (typy na stronie: breadcrumblist, collectionpage, itemlist, organization, website)
  - canyon.com: brak wymaganych slow (s15) - pomijam
  - canyon.com: brak wymaganych slow (s15) - pomijam
  - canyon.com: brak wymaganych slow (s15) - pomijam
  - canyon.com: brak wymaganych slow (s15) - pomijam
  + canyon.com: 199.99 EUR = 875.46 PLN
  - canyon.com: brak wymaganych slow (s15) - pomijam
  + canyon.com: 2499.0 NOK = 1018.84 PLN
  - canyon.com: brak wymaganych slow (s15) - pomijam
  - canyon.com: brak danych o cenie (typy na stronie: breadcrumblist, organization)
  - velonova.lt: pomijam (blokada potwierdzona w tym runie)
  - bikeroar.com: brak danych o cenie (typy na stronie: organization, website)
  - kleinanzeigen.de: brak danych o cenie (typy na stronie: imageobject, website)
  - kleinanzeigen.de: brak danych o cenie (typy na stronie: imageobject, website)
  - weightweenies.starbike.com: pomijam (blokada potwierdzona w tym runie)
  - buycycle.com: brak danych o cenie (typy na stronie: breadcrumblist, collectionpage, itemlist, organization, website)
  - olx.pl: pomijam (blokada potwierdzona w tym runie)
  - olx.pl: pomijam (blokada potwierdzona w tym runie)
  - sets-robot.com: blad pobierania (SSLError)
  - canyon.com: brak danych o cenie (typy na stronie: organization)
  - buycycle.com: brak danych o cenie (typy na stronie: breadcrumblist, collectionpage, itemlist, organization, website)
  - canyon.com: brak danych o cenie (typy na stronie: organization)
  - trialcare.com: brak danych o cenie (typy na stronie: breadcrumblist, webpage, website)
  + canyon.com: 179.99 CHF = 844.98 PLN
  + canyon.com: 199.99 EUR = 875.46 PLN
  + canyon.com: 199.99 EUR = 875.46 PLN
  - canyon.com: brak wymaganych slow (s15) - pomijam
  - canyon.com: brak wymaganych slow (s15) - pomijam
  - canyon.com: brak wymaganych slow (s15) - pomijam
  - canyon.com: brak wymaganych slow (s15) - pomijam
  + mtbiker.de: blokada ominieta headless Chromium
  - mtbiker.de: niedostepny (discontinued)
  - canyon.com: brak wymaganych slow (s15) - pomijam
  + mtbiker.it: blokada ominieta headless Chromium
  - mtbiker.it: niedostepny (discontinued)
  + manualslib.de: blokada ominieta headless Chromium
  - manualslib.de: brak danych o cenie (typy na stronie: breadcrumblist, imageobject, organization, techarticle, webpage, website)
  - mtbiker.pl: pomijam (blokada potwierdzona w tym runie)
  - bikeroar.com: brak danych o cenie (typy na stronie: organization, website)
  - mtbiker.pl: pomijam (blokada potwierdzona w tym runie)
  - canyon.com: brak wymaganych slow (s15) - pomijam
  - theokrgroup.com: brak danych o cenie (typy na stronie: brak JSON-LD)
  - buycycle.com: niedostepny (soldout)
  - canyon.com: brak danych o cenie (typy na stronie: breadcrumblist, organization)
  - canyon.com: brak danych o cenie (typy na stronie: organization, website)
  - en.wikipedia.org: brak danych o cenie (typy na stronie: article)
  - canyoncoolers.com: brak danych o cenie (typy na stronie: website)
  - education.nationalgeographic.org: brak danych o cenie (typy na stronie: brak JSON-LD)
  - canyonspirit.com: brak danych o cenie (typy na stronie: organization)
  - en.wikipedia.org: brak danych o cenie (typy na stronie: article)
  - mtbiker.pl: pomijam (blokada potwierdzona w tym runie)
  + canyon.com: 199.99 EUR = 875.46 PLN
  - mtbiker.pl: pomijam (blokada potwierdzona w tym runie)
  + canyon.com: 206.99 EUR = 906.1 PLN
  - mapquest.com: HTTP 202
  - tracxn.com: HTTP 403 (przegladarka tez nie przeszla)
  - kleinanzeigen.de: brak danych o cenie (typy na stronie: imageobject, website)
  - forums.electricbikereview.com: brak danych o cenie (typy na stronie: discussionforumposting)
  - rennrad-news.de: pomijam (blokada potwierdzona w tym runie)
  - testberichte.de: brak danych o cenie (typy na stronie: breadcrumblist, organization, product)
  - rennrad-news.de: pomijam (blokada potwierdzona w tym runie)
  - canyon.com: brak danych o cenie (typy na stronie: breadcrumblist, organization)
  - visitcanyon.com: brak danych o cenie (typy na stronie: breadcrumblist, organization, webpage, website)
  - buycycle.com: niedostepny (soldout)
  - handsonbike.blogspot.com: brak danych o cenie (typy na stronie: brak JSON-LD)
  - handsonbike.blogspot.com: brak danych o cenie (typy na stronie: brak JSON-LD)
  - handsonbike.blogspot.com: brak danych o cenie (typy na stronie: brak JSON-LD)
  - kleinanzeigen.de: brak danych o cenie (typy na stronie: imageobject, website)
  - kleinanzeigen.de: brak danych o cenie (typy na stronie: website)
  - kleinanzeigen.de: brak danych o cenie (typy na stronie: website)
[MONITOR] IBS-V1X: sprawdzam 256 URL-i
  ~ infinitybikeseat.com: brak ceny, ale znalazlem 3 link(i) produktowe - sprawdzam
  - infinitybikeseat.com: brak danych o cenie (typy na stronie: breadcrumblist, organization, webpage, website)
  - infinitybikeseat.com: brak danych o cenie (typy na stronie: breadcrumblist, imageobject, organization, webpage, website)
  - infinitybikeseat.com: brak danych o cenie (typy na stronie: breadcrumblist, imageobject, organization, webpage, website)
  ~ cyclingupgrades.com: brak ceny, ale znalazlem 3 link(i) produktowe - sprawdzam
  - infinitybikeseat.com: brak danych o cenie (typy na stronie: article, breadcrumblist, imageobject, organization, person, webpage, website)
  + radkomfort.de: 368.91 EUR = 1614.9 PLN
  - infinitybikeseat.com: brak danych o cenie (typy na stronie: breadcrumblist, imageobject, organization, webpage, website)
  - infinitybikeseat.com: brak danych o cenie (typy na stronie: article, breadcrumblist, imageobject, organization, person, webpage, website)
  - infinitybikeseat.com: brak danych o cenie (typy na stronie: breadcrumblist, imageobject, organization, webpage, website)
  - infinitybikeseat.com: brak danych o cenie (typy na stronie: breadcrumblist, imageobject, organization, webpage, website)
  - infinitybikeseat.com: brak danych o cenie (typy na stronie: breadcrumblist, imageobject, organization, webpage, website)
  - infinitybikeseat.com: brak danych o cenie (typy na stronie: breadcrumblist, imageobject, organization, webpage, website)
  - infinitybikeseat.com: brak danych o cenie (typy na stronie: breadcrumblist, collectionpage, organization, website)
  - infinitybikeseat.com: brak danych o cenie (typy na stronie: breadcrumblist, organization, webpage, website)
  - infinitybikeseat.com: brak danych o cenie (typy na stronie: breadcrumblist, imageobject, organization, webpage, website)
  - lancasterarchery.com: brak wymaganych slow (v1x) - pomijam
  - breeches.com: brak wymaganych slow (infinity, v1x) - pomijam
  - huntarsenal.com: brak wymaganych slow (v1x) - pomijam
  - tractorsupply.com: blad pobierania (ReadTimeout)
  - bikeforums.net: HTTP 403 (przegladarka tez nie przeszla)
  - adamellissaddles.com: brak danych o cenie (typy na stronie: breadcrumblist, imageobject, webpage, website)
  - lovelybike.blogspot.com: HTTP 429 (przegladarka tez nie przeszla)
  - newatlas.com: brak danych o cenie (typy na stronie: imageobject, newsarticle, organization, person, webpage, website)
  - golflocker.com: brak danych o cenie (typy na stronie: breadcrumblist)
  + big5sportinggoods.com: blokada ominieta headless Chromium
  - big5sportinggoods.com: brak wymaganych slow (infinity) - pomijam
  - store.dish.com: brak danych o cenie (typy na stronie: brak JSON-LD)
  - dickssportinggoods.com: HTTP 403 (przegladarka tez nie przeszla)
  - golfballplanet.com: brak wymaganych slow (infinity) - pomijam
  - embersgolf.com: brak wymaganych slow (infinity) - pomijam
  - titleist.com: HTTP 403 (przegladarka tez nie przeszla)
  - golfballs.com: brak wymaganych slow (infinity) - pomijam
  - blog.lostgolfballs.com: brak danych o cenie (typy na stronie: brak JSON-LD)
  + radkomfort.de: 368.91 EUR = 1614.9 PLN
  - infinitybikeseat.com: brak danych o cenie (typy na stronie: breadcrumblist, imageobject, organization, webpage, website)
  - infinitybikeseat.com: brak danych o cenie (typy na stronie: breadcrumblist, imageobject, organization, webpage, website)
  - fatbeardedandtattooedcyclist.wordpress.com: brak danych o cenie (typy na stronie: brak JSON-LD)
  - totalwomenscycling.com: brak danych o cenie (typy na stronie: brak JSON-LD)
  - infinitybikeseat.com: brak danych o cenie (typy na stronie: breadcrumblist, imageobject, organization, webpage, website)
  - community.escapecollective.com: brak danych o cenie (typy na stronie: brak JSON-LD)
  - infinitybikeseat.com: brak danych o cenie (typy na stronie: breadcrumblist, imageobject, organization, webpage, website)
  - atriathletesdiary.com: brak danych o cenie (typy na stronie: blogposting)
  - cyclingupgrades.com: HTTP 404
  - racearoundpoland.pl: blad pobierania (SSLError)
  - wrower.pl: brak danych o cenie (typy na stronie: brak JSON-LD)
  - racearoundpoland.pl: blad pobierania (SSLError)
  - precise-performance.co.uk: HTTP 403 (przegladarka tez nie przeszla)
  - gearjunkie.com: HTTP 403 (przegladarka tez nie przeszla)
  - iamgosolo.com: brak wymaganych slow (v1x) - pomijam
  - onebody.com.au: brak danych o cenie (typy na stronie: breadcrumblist, collectionpage, website)
  - forums.electricbikereview.com: brak danych o cenie (typy na stronie: discussionforumposting)
  - parwestgolf.com: brak wymaganych slow (infinity) - pomijam
  - onpargolfballs.com: brak wymaganych slow (infinity) - pomijam
  - golfballs.com: brak wymaganych slow (infinity) - pomijam
  - golfhq.com: brak wymaganych slow (infinity) - pomijam
  - rockbottomgolf.com: brak wymaganych slow (infinity) - pomijam
  - golflocker.com: brak danych o cenie (typy na stronie: breadcrumblist)
  - titleist.com: pomijam (blokada potwierdzona w tym runie)
  - foundgolfballs.com: brak wymaganych slow (infinity) - pomijam
  - practical-golf.com: brak danych o cenie (typy na stronie: brak JSON-LD)
  + breakfastballs.golf: blokada ominieta headless Chromium
  - breakfastballs.golf: brak danych o cenie (typy na stronie: blogposting, imageobject, organization, sportinggoodsstore, webpage, website)
  - infinitybikeseat.com: brak danych o cenie (typy na stronie: article, breadcrumblist, imageobject, organization, person, webpage, website)
  - forums.electricbikereview.com: brak danych o cenie (typy na stronie: discussionforumposting)
  - huntarsenal.com: brak wymaganych slow (v1x) - pomijam
  - byronandbarclay.com: brak wymaganych slow (infinity, v1x) - pomijam
  - wills-vegan-shoes.in: brak danych o cenie (typy na stronie: brak JSON-LD)
  - bikeroar.com: brak danych o cenie (typy na stronie: organization, website)
  - bikeroar.com: brak danych o cenie (typy na stronie: organization, website)
  - wills-vegan-shoes.com: brak wymaganych slow (infinity, v1x) - pomijam
  - bowhunterssupplystore.com: HTTP 503 (przegladarka tez nie przeszla)
  - wills-vegan-store.com: brak wymaganych slow (infinity, v1x) - pomijam
  - franksgreatoutdoors.com: brak wymaganych slow (v1x) - pomijam
  - projectcece.com: HTTP 403 (przegladarka tez nie przeszla)
  - infinitypipesystem.com: HTTP 403 (przegladarka tez nie przeszla)
  - dnwoutdoors.com: brak wymaganych slow (v1x) - pomijam
  - infinitypipesystem.com: pomijam (blokada potwierdzona w tym runie)
  - infinitypipesystem.com: pomijam (blokada potwierdzona w tym runie)
  - infinitypipesystem.com: pomijam (blokada potwierdzona w tym runie)
  - bivouacannarbor.com: brak wymaganych slow (infinity, v1x) - pomijam
  - titleist.eu: HTTP 403 (przegladarka tez nie przeszla)
  - titleist.com: pomijam (blokada potwierdzona w tym runie)
  - lostgolfballs.com: HTTP 403 (przegladarka tez nie przeszla)
  - foundgolfballs.com: brak wymaganych slow (infinity) - pomijam
  - mediacenter.titleist.com: brak danych o cenie (typy na stronie: newsarticle)
  - titleist.com: pomijam (blokada potwierdzona w tym runie)
  - todays-golfer.com: HTTP 404
  - tgw.com: brak danych o cenie (typy na stronie: article, breadcrumblist, imageobject, organization, person, webpage, website)
  - mygolfspy.com: brak danych o cenie (typy na stronie: article, breadcrumblist, imageobject, organization, person, webpage, website)
  - infinitybikeseat.com: brak danych o cenie (typy na stronie: breadcrumblist, imageobject, organization, webpage, website)
  - yellowcrank.com: brak danych o cenie (typy na stronie: blogposting, breadcrumblist, organization, person, webpage, website)
  - handybikesdc.com: brak danych o cenie (typy na stronie: breadcrumblist, product)
  - onebody.com.au: brak danych o cenie (typy na stronie: breadcrumblist, imageobject, webpage, website)
  - infinitybikeseat.com: brak danych o cenie (typy na stronie: breadcrumblist, imageobject, organization, webpage, website)
  - infinitybikeseat.com: brak danych o cenie (typy na stronie: breadcrumblist, imageobject, organization, webpage, website)
  - tgw.com: brak wymaganych slow (infinity) - pomijam
  - onpargolfballs.com: brak wymaganych slow (infinity) - pomijam
  - intheswag.com: brak danych o cenie (typy na stronie: brak JSON-LD)
  - titleist.co.kr: HTTP 403 (przegladarka tez nie przeszla)
  - jumbosports.com: brak wymaganych slow (infinity) - pomijam
  - titleist.in.th: HTTP 403 (przegladarka tez nie przeszla)
  - titleist.se: HTTP 403 (przegladarka tez nie przeszla)
  - titleist.se: pomijam (blokada potwierdzona w tym runie)
  - titleist.se: pomijam (blokada potwierdzona w tym runie)
  - titleist.com: pomijam (blokada potwierdzona w tym runie)
  - titleist.ca: HTTP 403 (przegladarka tez nie przeszla)
  - titleist.com: pomijam (blokada potwierdzona w tym runie)
  - titleist.se: pomijam (blokada potwierdzona w tym runie)
  - titleist.se: pomijam (blokada potwierdzona w tym runie)
  - titleist.eu: pomijam (blokada potwierdzona w tym runie)
  - titleist.eu: pomijam (blokada potwierdzona w tym runie)
  - titleist.co.uk: HTTP 403 (przegladarka tez nie przeszla)
  - golfmagic.com: brak danych o cenie (typy na stronie: breadcrumblist)
  - picclick.es: HTTP 403 (przegladarka tez nie przeszla)
  - golfmagic.com: brak danych o cenie (typy na stronie: breadcrumblist)
  - swingtalks.com: brak danych o cenie (typy na stronie: breadcrumblist, collectionpage, organization, website)
  - picclick.es: pomijam (blokada potwierdzona w tym runie)
  - infinitybikeseat.com: brak danych o cenie (typy na stronie: article, breadcrumblist, imageobject, organization, person, webpage, website)
  - olx.pl: pomijam (blokada potwierdzona w tym runie)
  - infinitybikeseat.com: brak danych o cenie (typy na stronie: breadcrumblist, imageobject, organization, webpage, website)
  - primepulselink.org: blad pobierania (SSLError)
  - rba-digital.com: brak danych o cenie (typy na stronie: brak JSON-LD)
  - primepulselink.org: blad pobierania (SSLError)
  - brokenarrowoutfitters.com: brak wymaganych slow (v1x) - pomijam
  - todays-golfer.com: HTTP 404
  - titleist.eu: pomijam (blokada potwierdzona w tym runie)
  + golfdigest.com: blokada ominieta headless Chromium
  - golfdigest.com: brak danych o cenie (typy na stronie: newsarticle)
  - titleist.com: pomijam (blokada potwierdzona w tym runie)
  - pluggedingolf.com: brak danych o cenie (typy na stronie: blogposting, breadcrumblist, imageobject, organization, person, webpage, website)
  - worldwidegolfshops.com: brak wymaganych slow (infinity) - pomijam
  - foundgolfballs.com: brak danych o cenie (typy na stronie: breadcrumblist, collectionpage, website)
  + golfdigest.com: blokada ominieta headless Chromium
  - golfdigest.com: brak danych o cenie (typy na stronie: newsarticle)
  - rapsodo.com: brak danych o cenie (typy na stronie: product)
  - infinitybikeseat.com: brak danych o cenie (typy na stronie: breadcrumblist, imageobject, organization, webpage, website)
  - infinitybikeseat.com: brak danych o cenie (typy na stronie: breadcrumblist, imageobject, organization, webpage, website)
  - infinitybikeseat.com: brak danych o cenie (typy na stronie: breadcrumblist, imageobject, organization, webpage, website)
  - forum.slowtwitch.com: brak danych o cenie (typy na stronie: brak JSON-LD)
  - infinitybikeseat.com: brak danych o cenie (typy na stronie: breadcrumblist, imageobject, organization, webpage, website)
  - bikeroar.com: brak danych o cenie (typy na stronie: organization, website)
  - elektrofahrrad24.de: brak danych o cenie (typy na stronie: brak JSON-LD)
  - bike-magazin.de: brak danych o cenie (typy na stronie: breadcrumblist, newsmediaorganization, webpage, website)
  - bike-magazin.de: brak danych o cenie (typy na stronie: breadcrumblist, newsmediaorganization, webpage, website)
  - bike-magazin.de: brak danych o cenie (typy na stronie: breadcrumblist, newsmediaorganization, webpage, website)
  - bike-magazin.de: brak danych o cenie (typy na stronie: breadcrumblist, newsmediaorganization, webpage, website)
  - bike-magazin.de: brak danych o cenie (typy na stronie: breadcrumblist, newsmediaorganization, webpage, website)
  - bike-magazin.de: brak danych o cenie (typy na stronie: breadcrumblist, newsmediaorganization, webpage, website)
  - legami.com: brak wymaganych slow (infinity, v1x) - pomijam
  - legami.com: brak wymaganych slow (infinity, v1x) - pomijam
  - caravelselect.com: brak danych o cenie (typy na stronie: brak JSON-LD)
  - cyclingupgrades.com: brak danych o cenie (typy na stronie: organization)
  - infinitybikeseat.com: brak danych o cenie (typy na stronie: article, breadcrumblist, imageobject, organization, person, webpage, website)
  - infinitybikeseat.com: brak danych o cenie (typy na stronie: breadcrumblist, organization, webpage, website)
  - infinitybikeseat.com: brak danych o cenie (typy na stronie: breadcrumblist, imageobject, organization, webpage, website)
  - everychina.com: brak danych o cenie (typy na stronie: brak JSON-LD)
  - m.made-in-china.com: brak danych o cenie (typy na stronie: videoobject)
  - cyclingkinetics.com: brak wymaganych slow (infinity, v1x) - pomijam
  - tvcmall.com: brak danych o cenie (typy na stronie: breadcrumblist, organization)
  - m.alibaba.com: HTTP 410
  + cyclingupgrades.com: 387.0 USD = 1510.15 PLN
  - cyclingupgrades.com: brak danych o cenie (typy na stronie: organization)
  - dms.myflorida.com: brak danych o cenie (typy na stronie: brak JSON-LD)
  - fusionpeak.cc: brak danych o cenie (typy na stronie: brak JSON-LD)
  - sprzedajemy.pl: brak danych o cenie (typy na stronie: breadcrumblist, itemlist)
  - sprzedajemy.pl: brak danych o cenie (typy na stronie: breadcrumblist, itemlist)
  - sprzedajemy.pl: brak danych o cenie (typy na stronie: breadcrumblist, itemlist)
  - sprzedajemy.pl: brak danych o cenie (typy na stronie: breadcrumblist, itemlist)
  - centrumrowerowe.pl: brak wymaganych slow (infinity, v1x) - pomijam
  - centrumrowerowe.pl: brak wymaganych slow (infinity, v1x) - pomijam
  - centrumrowerowe.pl: brak wymaganych slow (infinity, v1x) - pomijam
  - centrumrowerowe.pl: brak wymaganych slow (infinity, v1x) - pomijam
  - sprzedajemy.pl: brak danych o cenie (typy na stronie: breadcrumblist, itemlist)
  - rowertour.com: brak wymaganych slow (infinity, v1x) - pomijam
  - rowertour.com: brak wymaganych slow (infinity, v1x) - pomijam
  - centrumrowerowe.pl: brak wymaganych slow (infinity, v1x) - pomijam
  - baluma.pl: brak danych o cenie (typy na stronie: brak JSON-LD)
  - sprzedajemy.pl: brak danych o cenie (typy na stronie: breadcrumblist)
  - sprzedajemy.pl: brak danych o cenie (typy na stronie: breadcrumblist)
  - dictionary.cambridge.org: brak danych o cenie (typy na stronie: brak JSON-LD)
  - sprzedajemy.pl: brak wymaganych slow (infinity, v1x) - pomijam
  + rinascltabike.com: blokada ominieta headless Chromium
  - rinascltabike.com: brak wymaganych slow (infinity, v1x) - pomijam
  - morele.net: brak wymaganych slow (infinity, v1x) - pomijam
  - pilnyuczen.pl: brak danych o cenie (typy na stronie: blogposting, breadcrumblist, organization, person, webpage, website)
  - infinity-saddle.de: HTTP 429 (przegladarka tez nie przeszla)
  - lostgolfballs.com: pomijam (blokada potwierdzona w tym runie)
  - mygolfspy.com: brak danych o cenie (typy na stronie: article, breadcrumblist, imageobject, organization, person, webpage, website)
  - titleist.com: pomijam (blokada potwierdzona w tym runie)
  - titleist.com: pomijam (blokada potwierdzona w tym runie)
  - golf.com: brak danych o cenie (typy na stronie: article, imageobject, organization, videoobject, website)
  - pluggedingolf.com: brak danych o cenie (typy na stronie: blogposting, breadcrumblist, imageobject, organization, person, webpage, website)
  - titleist.co.uk: pomijam (blokada potwierdzona w tym runie)
  - infinitybikeseat.com: brak danych o cenie (typy na stronie: breadcrumblist, organization, webpage, website)
  - infinitybikeseat.com: brak danych o cenie (typy na stronie: article, breadcrumblist, imageobject, organization, person, webpage, website)
  - bikeforums.net: pomijam (blokada potwierdzona w tym runie)
  - diamondtechnique.com: HTTP 404
  - weightweenies.starbike.com: pomijam (blokada potwierdzona w tym runie)
  - fusionpeak.cc: brak danych o cenie (typy na stronie: brak JSON-LD)
  - bikewheelshub.com: 425.34 PLN poza widelkami [900.0..2200.0] - pomijam
  - voltairedesign.com: brak danych o cenie (typy na stronie: breadcrumblist, organization, webpage)
  - pgn-nuenen.nl: HTTP 404
  - bike-magazin.de: brak danych o cenie (typy na stronie: breadcrumblist, newsmediaorganization, webpage, website)
  - bike-magazin.de: brak danych o cenie (typy na stronie: breadcrumblist, newsmediaorganization, webpage, website)
  - infinitycycleworks.com: brak danych o cenie (typy na stronie: breadcrumblist)
  - businessinsider.com: HTTP 404
  - businessinsider.com: HTTP 404
  - mapquest.com: HTTP 202
  - mapquest.com: HTTP 202
  - mapquest.com: HTTP 202
  - directeffectmarketing.net: brak danych o cenie (typy na stronie: brak JSON-LD)
  - titleist.eu: pomijam (blokada potwierdzona w tym runie)
  - golfballmonkey.com: brak wymaganych slow (infinity) - pomijam
  - golfballdivers.com: brak danych o cenie (typy na stronie: brak JSON-LD)
  - nervahealth.com: brak danych o cenie (typy na stronie: blogposting, faqpage, medicalwebpage, organization, website)
  - goodrx.com: HTTP 403 (przegladarka tez nie przeszla)
  - todays-golfer.com: brak wymaganych slow (infinity) - pomijam
  - ballpro.com: brak danych o cenie (typy na stronie: organization)
  - ibs-workwear.de: brak danych o cenie (typy na stronie: breadcrumblist, imageobject, organization, webpage, website)
  - cvs.com: brak danych o cenie (typy na stronie: newsarticle)
  - healthline.com: brak danych o cenie (typy na stronie: medicalwebpage)
  - cbinsights.com: brak danych o cenie (typy na stronie: breadcrumblist, corporation, faqpage, profilepage)
  - rocketreach.co: HTTP 403 (przegladarka tez nie przeszla)
  - cbinsights.com: brak danych o cenie (typy na stronie: breadcrumblist, corporation, profilepage)
  - tracxn.com: pomijam (blokada potwierdzona w tym runie)
  - indeed.com: HTTP 403 (przegladarka tez nie przeszla)
  - velonews.pl: brak danych o cenie (typy na stronie: brak JSON-LD)
  - racearoundpoland.pl: blad pobierania (SSLError)
  - olx.pl: pomijam (blokada potwierdzona w tym runie)
  - forumrowerowe.org: brak danych o cenie (typy na stronie: breadcrumblist, discussionforumposting, organization, website)
  - izigsm.pl: brak danych o cenie (typy na stronie: brak JSON-LD)
  - infinitibike.pl: brak danych o cenie (typy na stronie: breadcrumblist, itemlist, organization, webpage)
  - mapquest.com: HTTP 202
  - mapquest.com: HTTP 202
  - mapquest.com: HTTP 202
  - mapquest.com: HTTP 202
  - mapquest.com: HTTP 202
  - x.com: HTTP 403 (przegladarka tez nie przeszla)
  - infinitybikeseat.com: brak danych o cenie (typy na stronie: breadcrumblist, collectionpage, organization, webpage, website)
  - en.wikipedia.org: brak danych o cenie (typy na stronie: article)
  - simple.wikipedia.org: brak danych o cenie (typy na stronie: article)
  - en.wikipedia.org: brak danych o cenie (typy na stronie: article)
  - britannica.com: HTTP 403 (przegladarka tez nie przeszla)
  - prodieselparts.com: HTTP 404
  - atypikwear.com: HTTP 404
  - mapquest.com: HTTP 202
  - lifestylecollection.mbusa.com: brak wymaganych slow (infinity) - pomijam
  - titleist.com: pomijam (blokada potwierdzona w tym runie)
  - todays-golfer.com: brak danych o cenie (typy na stronie: article)
  - microsonic.de: brak danych o cenie (typy na stronie: brak JSON-LD)
  - computer.org: brak danych o cenie (typy na stronie: brak JSON-LD)
  - pmc.ncbi.nlm.nih.gov: brak danych o cenie (typy na stronie: brak JSON-LD)
  - metrionbiosciences.com: brak danych o cenie (typy na stronie: brak JSON-LD)
  - a100.gov.bc.ca: brak danych o cenie (typy na stronie: brak JSON-LD)
  - pubs.acs.org: HTTP 403 (przegladarka tez nie przeszla)
  - virginiachronicle.com: HTTP 403 (przegladarka tez nie przeszla)
  - mapquest.com: HTTP 202
  - mapquest.com: HTTP 202
  - mapquest.com: HTTP 202
  - mapquest.com: HTTP 202
  - infinitybikeseat.com: brak danych o cenie (typy na stronie: breadcrumblist, imageobject, organization, webpage, website)
  - infinitybikeseat.com: brak danych o cenie (typy na stronie: breadcrumblist, imageobject, organization, webpage, website)
  - infinitybikeseat.com: HTTP 404
  - cyclingupgrades.com: brak wymaganych slow (v1x) - pomijam
  - cyclingupgrades.com: brak wymaganych slow (v1x) - pomijam
  - cyclingupgrades.com: brak wymaganych slow (v1x) - pomijam
[MONITOR] FORCE-AXS-LEWA: sprawdzam 507 URL-i
  - contenderbicycles.com: brak wymaganych slow (left) - pomijam
  - performancebike.com: niedostepny (outofstock)
  - biketiresdirect.com: brak wymaganych slow (left) - pomijam
  - twohoosierscyclery.com: brak wymaganych slow (left) - pomijam
  - lvr-cycles.com: HTTP 403 (przegladarka tez nie przeszla)
  - zbozi.cz: brak danych o cenie (typy na stronie: brak JSON-LD)
  - universalcycles.com: brak wymaganych slow (left) - pomijam
  - lordgun.com: HTTP 403 (przegladarka tez nie przeszla)
  - alltricks.com: brak wymaganych slow (left) - pomijam
  ~ prolocotrade.si: brak ceny, ale znalazlem 2 link(i) produktowe - sprawdzam
  - steedcycles.com: brak wymaganych slow (left) - pomijam
  - excelsports.com: brak wymaganych slow (left) - pomijam
  - bike24.com: HTTP 403 (przegladarka tez nie przeszla)
  - r2-bike.com: HTTP 403 (przegladarka tez nie przeszla)
  - worldwidecyclery.com: waluta USD poza dozwolonym regionem - pomijam
  - bike-discount.de: brak wymaganych slow (left) - pomijam
  - powermetercity.com: HTTP 403 (przegladarka tez nie przeszla)
  - bikable.com: niedostepny (outofstock)
  - r2-bike.com: pomijam (blokada potwierdzona w tym runie)
  ~ starbike.com: brak ceny, ale znalazlem 3 link(i) produktowe - sprawdzam
  + bikestacja.pl: 309.08 EUR = 1353.0 PLN [EAN OK]
  - rosebikes.pl: brak wymaganych slow (left) - pomijam
  - bike24.com: pomijam (blokada potwierdzona w tym runie)
  - velofactory.ch: HTTP 403 (przegladarka tez nie przeszla)
  - velonova.ee: HTTP 403 (przegladarka tez nie przeszla)
  - lvr-cycles.com: pomijam (blokada potwierdzona w tym runie)
  - buycycle.com: 393.98 PLN poza widelkami [1000.0..2600.0] - pomijam
  ~ tradeinn.com: brak ceny, ale znalazlem 1 link(i) produktowe - sprawdzam
  - lvr-cycles.com: pomijam (blokada potwierdzona w tym runie)
  - bike-discount.de: brak wymaganych slow (left) - pomijam
  - intheknowcycling.com: HTTP 403 (przegladarka tez nie przeszla)
  - bike24.com: pomijam (blokada potwierdzona w tym runie)
  - lvr-cycles.com: pomijam (blokada potwierdzona w tym runie)
  - ibksport.eu: HTTP 404
  - racycles.com: waluta USD poza dozwolonym regionem - pomijam
  - spokex.com: waluta USD poza dozwolonym regionem - pomijam
  - tweekscycles.com: brak wymaganych slow (left) - pomijam
  - bikesheduk.com: brak wymaganych slow (left) - pomijam
  - bouldernordic.com: waluta USD poza dozwolonym regionem - pomijam
  - performancebike.com: niedostepny (outofstock)
  - 365cycles.com: waluta USD poza dozwolonym regionem - pomijam
  - spokex.com: waluta USD poza dozwolonym regionem - pomijam
  - racycles.com: brak wymaganych slow (force, left) - pomijam
  - seattleelectricbike.net: brak wymaganych slow (left) - pomijam
  - powermetercity.com: pomijam (blokada potwierdzona w tym runie)
  - treefortbikes.com: waluta USD poza dozwolonym regionem - pomijam
  - tnc-hamburg.com: niedostepny (backorder)
  - procycle-parts.de: brak danych o cenie (typy na stronie: brak JSON-LD)
  - r2-bike.com: pomijam (blokada potwierdzona w tym runie)
  - bike24.de: HTTP 403 (przegladarka tez nie przeszla)
  - lordgun.de: HTTP 403 (przegladarka tez nie przeszla)
  - suicycle-store.com: niedostepny (outofstock)
  - kleinanzeigen.de: brak danych o cenie (typy na stronie: imageobject, website)
  - ttw-offroad.de: niedostepny (outofstock)
  - velofactory.ch: pomijam (blokada potwierdzona w tym runie)
  - rowerowy.com.pl: niedostepny (outofstock)
  - bike-mailorder.com: brak wymaganych slow (left) - pomijam
  - bike-discount.de: brak wymaganych slow (left) - pomijam
  - bike24.at: HTTP 403 (przegladarka tez nie przeszla)
  - cycling-parts.ch: 929.53 PLN poza widelkami [1000.0..2600.0] - pomijam
  + bike-components.de: 270.0 EUR = 1181.93 PLN [EAN OK]
  - koloshop24.de: brak wymaganych slow (left) - pomijam
  - bike24.de: pomijam (blokada potwierdzona w tym runie)
  - bike-components.de: niedostepny (outofstock)
  - bikable.de: brak wymaganych slow (left) - pomijam
  - tnc-hamburg.com: brak wymaganych slow (left) - pomijam
  - r2-bike.com: pomijam (blokada potwierdzona w tym runie)
  - bike-mailorder.com: brak wymaganych slow (left) - pomijam
  - r2-bike.com: pomijam (blokada potwierdzona w tym runie)
  - suicycle-store.com: niedostepny (outofstock)
  - mantel.com: brak wymaganych slow (left) - pomijam
  - bike-components.de: niedostepny (outofstock)
  - procycle-parts.de: brak danych o cenie (typy na stronie: brak JSON-LD)
  - rowertour.com: brak wymaganych slow (left) - pomijam
  - bikefast.pl: niedostepny (outofstock)
  - cyklomania.pl: brak danych o cenie (typy na stronie: brak JSON-LD)
  - formicki-bike.pl: brak danych o cenie (typy na stronie: brak JSON-LD)
  + kastor-bike.pl: 1269.99 PLN = 1269.99 PLN [EAN OK]
  - 2wheels.pl: brak wymaganych slow (left) - pomijam
  - veloabike.pl: brak danych o cenie (typy na stronie: breadcrumblist, onlinestore)
  - centrumrowerowe.pl: brak wymaganych slow (left) - pomijam
  - bike24.pl: HTTP 403 (przegladarka tez nie przeszla)
  - wertykal.com: brak danych o cenie (typy na stronie: brak JSON-LD)
  - mtbiker.pl: pomijam (blokada potwierdzona w tym runie)
  - centrumrowerowe.pl: brak danych o cenie (typy na stronie: breadcrumblist, itemlist, webpage)
  - velopoint.pl: HTTP 403 (przegladarka tez nie przeszla)
  - rowertour.com: brak danych o cenie (typy na stronie: breadcrumblist, itemlist, webpage)
  - helmansport.pl: brak wymaganych slow (left) - pomijam
  - e-velomania.pl: brak wymaganych slow (left) - pomijam
  - wertykal.com: brak danych o cenie (typy na stronie: brak JSON-LD)
  - bikestacja.pl: brak wymaganych slow (left) - pomijam
  - bike24.it: HTTP 403 (przegladarka tez nie przeszla)
  - cingolanibikeshop.com: brak wymaganych slow (left) - pomijam
  - ebikelab.it: 800.64 PLN poza widelkami [1000.0..2600.0] - pomijam
  - mondobicistore.com: brak wymaganych slow (left) - pomijam
  - lordgunbicycles.com: HTTP 403 (przegladarka tez nie przeszla)
  - gambacicli.com: brak wymaganych slow (left) - pomijam
  - bike-store-treviso.it: brak danych o cenie (typy na stronie: brak JSON-LD)
  - sanferbike.com: HTTP 403 (przegladarka tez nie przeszla)
  - mantel.com: brak wymaganych slow (left) - pomijam
  - lvr-cycles.com: pomijam (blokada potwierdzona w tym runie)
  - lordgunbicycles.com: pomijam (blokada potwierdzona w tym runie)
  - cingolanibikeshop.com: brak wymaganych slow (left) - pomijam
  - francesconibike.com: brak wymaganych slow (force, left) - pomijam
  + probikeshop.fr: 299.9 EUR = 1312.81 PLN [EAN OK]
  + werideoncycling-shop.com: 265.0 EUR = 1160.04 PLN [EAN niepotwierdzony]
  - lvr-cycles.com: pomijam (blokada potwierdzona w tym runie)
  - mantel.com: brak wymaganych slow (left) - pomijam
  + bike-components.de: 270.0 EUR = 1181.93 PLN [EAN OK]
  - royalvelofrance.fr: brak danych o cenie (typy na stronie: brak JSON-LD)
  - planete-velo.fr: brak danych o cenie (typy na stronie: breadcrumblist, http://schema.org/product)
  - bouticycle.com: niedostepny (outofstock)
  - idealo.fr: HTTP 403 (przegladarka tez nie przeszla)
  - leboncoin.fr: brak danych o cenie (typy na stronie: brak JSON-LD)
  - bike24.fr: HTTP 403 (przegladarka tez nie przeszla)
  - bike24.be: HTTP 403 (przegladarka tez nie przeszla)
  - bike24.lu: HTTP 403 (przegladarka tez nie przeszla)
  - bike24.fr: pomijam (blokada potwierdzona w tym runie)
  - bike24.fr: pomijam (blokada potwierdzona w tym runie)
  - bike24.be: pomijam (blokada potwierdzona w tym runie)
  - bike24.lu: pomijam (blokada potwierdzona w tym runie)
  - bike24.fr: pomijam (blokada potwierdzona w tym runie)
  - bike24.be: pomijam (blokada potwierdzona w tym runie)
  - bike24.lu: pomijam (blokada potwierdzona w tym runie)
  - bike24.be: pomijam (blokada potwierdzona w tym runie)
  - bike24.lu: pomijam (blokada potwierdzona w tym runie)
  - bike24.lu: pomijam (blokada potwierdzona w tym runie)
  - bike24.fr: pomijam (blokada potwierdzona w tym runie)
  - bike24.be: pomijam (blokada potwierdzona w tym runie)
  - bike24.lu: pomijam (blokada potwierdzona w tym runie)
  - bike24.fr: pomijam (blokada potwierdzona w tym runie)
  - bike24.fr: pomijam (blokada potwierdzona w tym runie)
  - bike24.be: pomijam (blokada potwierdzona w tym runie)
  - bike24.lu: pomijam (blokada potwierdzona w tym runie)
  - dialedcyclinglab.com: waluta USD poza dozwolonym regionem - pomijam
  - treefortbikes.com: waluta USD poza dozwolonym regionem - pomijam
  - cyclehubbox.com: HTTP 503 (przegladarka tez nie przeszla)
  - epic-cycles.com: brak danych o cenie (typy na stronie: breadcrumblist, itemlist, organization)
  - bikeman.com: brak wymaganych slow (left) - pomijam
  - r2-bike.com: pomijam (blokada potwierdzona w tym runie)
  - bikemart.com: brak danych o cenie (typy na stronie: organization)
  - en.wikipedia.org: brak danych o cenie (typy na stronie: article)
  - theproscloset.com: brak danych o cenie (typy na stronie: bikestore, breadcrumblist, webpage)
  - bikesonline.com: brak danych o cenie (typy na stronie: organization)
  - olx.pl: pomijam (blokada potwierdzona w tym runie)
  - 2wheels.pl: brak wymaganych slow (left) - pomijam
  - cyklomania.pl: brak danych o cenie (typy na stronie: brak JSON-LD)
  - rowertour.com: brak danych o cenie (typy na stronie: breadcrumblist, itemlist, webpage)
  - sprint-rowery.pl: HTTP 403 (przegladarka tez nie przeszla)
  - lvr-cycles.com: pomijam (blokada potwierdzona w tym runie)
  - lordgunbicycles.com: pomijam (blokada potwierdzona w tym runie)
  - bike-discount.de: brak danych o cenie (typy na stronie: breadcrumblist, onlinestore)
  - alexbicycles.com: brak wymaganych slow (left) - pomijam
  - worldwidecyclery.com: brak wymaganych slow (axs, left) - pomijam
  - helenscycles.com: brak wymaganych slow (force, left) - pomijam
  - universalcycles.com: brak wymaganych slow (force, axs) - pomijam
  - motomentum.com: brak wymaganych slow (left) - pomijam
  - universalcycles.com: brak wymaganych slow (force, axs, left) - pomijam
  - landiscyclery.com: brak wymaganych slow (force, left) - pomijam
  - performancebike.com: brak wymaganych slow (force, left) - pomijam
  - ctbicycles.com: brak wymaganych slow (force, axs, left) - pomijam
  - jr-chains.de: brak wymaganych slow (left) - pomijam
  + bike-components.de: 270.0 EUR = 1181.93 PLN [EAN OK]
  - bike24.pl: pomijam (blokada potwierdzona w tym runie)
  - gambacicli.com: brak wymaganych slow (force, left) - pomijam
  + evolutionbikes.it: 289.9 EUR = 1269.04 PLN [EAN OK]
  - nencinisport.it: HTTP 403 (przegladarka tez nie przeszla)
  - idealo.es: HTTP 403 (przegladarka tez nie przeszla)
  - bicycleparts24.com: niedostepny (backorder)
  - bicyclewarehouse.com: brak danych o cenie (typy na stronie: faqpage, organization)
  - jensonusa.com: HTTP 403 (przegladarka tez nie przeszla)
  - tnc-hamburg.com: 875.06 PLN poza widelkami [1000.0..2600.0] - pomijam
  - bike-mailorder.com: brak wymaganych slow (left) - pomijam
  - bike-mailorder.com: brak wymaganych slow (left) - pomijam
  - jr-chains.de: brak wymaganych slow (left) - pomijam
  - veletage.com: brak wymaganych slow (left) - pomijam
  - bike24.de: pomijam (blokada potwierdzona w tym runie)
  - centrumrowerowe.pl: brak danych o cenie (typy na stronie: breadcrumblist, itemlist, webpage)
  - crankbike.pl: HTTP 403 (przegladarka tez nie przeszla)
  - kastor-bike.pl: brak wymaganych slow (left) - pomijam
  - bikefast.pl: blad pobierania (ConnectTimeout)
  - rowertour.com: brak wymaganych slow (left) - pomijam
  - mtbiker.pl: pomijam (blokada potwierdzona w tym runie)
  - rowertour.com: brak danych o cenie (typy na stronie: breadcrumblist, itemlist, webpage)
  - rowertour.com: brak danych o cenie (typy na stronie: breadcrumblist, itemlist, webpage)
  - rowertour.com: brak wymaganych slow (left) - pomijam
  - centrumrowerowe.pl: brak wymaganych slow (force, left) - pomijam
  - rowertour.com: brak wymaganych slow (axs, left) - pomijam
  - rowertour.com: brak danych o cenie (typy na stronie: breadcrumblist, itemlist, webpage)
  - centrumrowerowe.pl: brak wymaganych slow (left) - pomijam
  - rowertour.com: brak wymaganych slow (force, left) - pomijam
  - rowertour.com: brak wymaganych slow (left) - pomijam
  - rowertour.com: brak wymaganych slow (axs, left) - pomijam
  - rowertour.com: brak wymaganych slow (force, left) - pomijam
  - rowertour.com: brak wymaganych slow (axs, left) - pomijam
  - rowertour.com: brak wymaganych slow (axs, left) - pomijam
  - rowertour.com: brak wymaganych slow (force, left) - pomijam
  - rowertour.com: brak wymaganych slow (left) - pomijam
  - sportano.pl: brak wymaganych slow (left) - pomijam
  - velofactory.ch: pomijam (blokada potwierdzona w tym runie)
  - ttw-offroad.de: niedostepny (outofstock)
  - tradeinn.com: brak danych o cenie (typy na stronie: faqpage, organization, webpage)
  - jedi-sports.de: brak danych o cenie (typy na stronie: breadcrumblist, organization, website)
  - ridewill.it: brak danych o cenie (typy na stronie: brak JSON-LD)
  - evolutionbikes.it: brak wymaganych slow (force, left) - pomijam
  - vcelisvet.cz: HTTP 404
  - bike24.es: HTTP 403 (przegladarka tez nie przeszla)
  - fabreguesbicicletas.com: HTTP 403 (przegladarka tez nie przeszla)
  - lordgunbicycles.es: HTTP 403 (przegladarka tez nie przeszla)
  - mammothbikes.com: brak danych o cenie (typy na stronie: brak JSON-LD)
  - gambacicli.com: brak wymaganych slow (force, left) - pomijam
  - materiel-velo.com: niedostepny (outofstock)
  - lvr-cycles.com: pomijam (blokada potwierdzona w tym runie)
  - lordgunbicycles.fr: HTTP 403 (przegladarka tez nie przeszla)
  - cyclesdupont.fr: brak wymaganych slow (left) - pomijam
  + la-becanerie.com: 364.9 EUR = 1597.35 PLN [EAN niepotwierdzony]
  - lvr-cycles.com: pomijam (blokada potwierdzona w tym runie)
  + velostation.com: 380.0 EUR = 1663.45 PLN [EAN OK]
  - idealo.fr: pomijam (blokada potwierdzona w tym runie)
  - velofactory.ch: pomijam (blokada potwierdzona w tym runie)
  - bouticycle.com: niedostepny (outofstock)
  - gambacicli.fr: HTTP 403 (przegladarka tez nie przeszla)
  - velostation.com: niedostepny (outofstock)
  - jensonusa.com: pomijam (blokada potwierdzona w tym runie)
  - zbozi.cz: brak danych o cenie (typy na stronie: brak JSON-LD)
  - lvr-cycles.com: pomijam (blokada potwierdzona w tym runie)
  - gambacicli.com: brak wymaganych slow (left) - pomijam
  - slowtwitch.com: brak danych o cenie (typy na stronie: brak JSON-LD)
  - competitivecyclist.com: HTTP 202
  - meinhartje.com: brak wymaganych slow (force, axs, left) - pomijam
  - mantel.com: brak wymaganych slow (left) - pomijam
  - bicycleparts24.com: 875.06 PLN poza widelkami [1000.0..2600.0] - pomijam
  - dialedcyclinglab.com: brak danych o cenie (typy na stronie: brak JSON-LD)
  - bikellantas.com: waluta USD poza dozwolonym regionem - pomijam
  - elvmotors.com: HTTP 404
  - fahrrad-teile.shop: niedostepny (outofstock)
  - ttw-offroad.de: niedostepny (outofstock)
  - bike24.at: pomijam (blokada potwierdzona w tym runie)
  - bike-mailorder.com: brak wymaganych slow (left) - pomijam
  + bikable.de: 269.99 EUR = 1181.88 PLN [EAN niepotwierdzony]
  - bike24.at: pomijam (blokada potwierdzona w tym runie)
  - bike24.lu: pomijam (blokada potwierdzona w tym runie)
  - bike24.de: pomijam (blokada potwierdzona w tym runie)
  - bike24.lu: pomijam (blokada potwierdzona w tym runie)
  - bike24.de: pomijam (blokada potwierdzona w tym runie)
  - bike24.at: pomijam (blokada potwierdzona w tym runie)
  - bike24.de: pomijam (blokada potwierdzona w tym runie)
  - bike24.at: pomijam (blokada potwierdzona w tym runie)
  - bike24.lu: pomijam (blokada potwierdzona w tym runie)
  - bike24.de: pomijam (blokada potwierdzona w tym runie)
  - bike24.de: pomijam (blokada potwierdzona w tym runie)
  - bike24.at: pomijam (blokada potwierdzona w tym runie)
  - bike24.lu: pomijam (blokada potwierdzona w tym runie)
  - bike24.at: pomijam (blokada potwierdzona w tym runie)
  - bike24.lu: pomijam (blokada potwierdzona w tym runie)
  - bike24.de: pomijam (blokada potwierdzona w tym runie)
  - bike-discount.de: brak wymaganych slow (force, left) - pomijam
  - bike-components.de: brak wymaganych slow (force, left) - pomijam
  - bike-discount.de: brak wymaganych slow (left) - pomijam
  - bike-discount.de: brak wymaganych slow (left) - pomijam
  - awbike24.pl: brak danych o cenie (typy na stronie: store)
  - formicki-bike.pl: brak danych o cenie (typy na stronie: brak JSON-LD)
  - bikefast.pl: blad pobierania (ConnectTimeout)
  - cyklomania.pl: brak danych o cenie (typy na stronie: brak JSON-LD)
  - e-velomania.pl: brak wymaganych slow (force, left) - pomijam
  - bikefast.pl: blad pobierania (ConnectTimeout)
  - bikestacja.pl: brak wymaganych slow (force, left) - pomijam
  - bike-discount.de: brak danych o cenie (typy na stronie: breadcrumblist, onlinestore)
  - ciclimattio.com: brak wymaganych slow (force) - pomijam
  - ridewill.it: brak danych o cenie (typy na stronie: brak JSON-LD)
  - alltricks.it: brak wymaganych slow (force) - pomijam
  - shop.eatsleepcycle.com: waluta USD poza dozwolonym regionem - pomijam
  - bikeacademyshop.com: HTTP 403 (przegladarka tez nie przeszla)
  - ciclimattio.com: niedostepny (outofstock)
  - pedalmoto.com: brak wymaganych slow (left) - pomijam
  + terra-bike.com: 304.0 EUR = 1330.76 PLN [EAN niepotwierdzony]
  - sanferbike.com: pomijam (blokada potwierdzona w tym runie)
  - bike24.es: pomijam (blokada potwierdzona w tym runie)
  - bikeacademyshop.com: pomijam (blokada potwierdzona w tym runie)
  - fabreguesbicicletas.com: pomijam (blokada potwierdzona w tym runie)
  - ibksport.es: HTTP 404
  + jihercet.com: 293.4 EUR = 1284.36 PLN [EAN OK]
  + sergedutouron.com: 420.0 EUR = 1838.55 PLN [EAN niepotwierdzony]
  - culturevelo.com: niedostepny (instoreonly)
  - allbike.dk: HTTP 403 (przegladarka tez nie przeszla)
  + bike-components.de: 270.0 EUR = 1181.93 PLN [EAN OK]
  - bici.cc: brak wymaganych slow (axs, left) - pomijam
  - powermetercity.com: pomijam (blokada potwierdzona w tym runie)
  - idealo.fr: pomijam (blokada potwierdzona w tym runie)
  - idealo.es: pomijam (blokada potwierdzona w tym runie)
  - ccache.cc: waluta USD poza dozwolonym regionem - pomijam
  - tradeinn.com: brak danych o cenie (typy na stronie: faqpage, organization, webpage)
  - powermetercity.com: pomijam (blokada potwierdzona w tym runie)
  - probikesupply.com: waluta USD poza dozwolonym regionem - pomijam
  - tradeinn.com: brak danych o cenie (typy na stronie: faqpage, organization, webpage)
  - bike-mailorder.com: brak wymaganych slow (left) - pomijam
  - performancebike.com: brak danych o cenie (typy na stronie: breadcrumblist)
  + bikestage.pl: blokada ominieta headless Chromium
  - bikestage.pl: brak wymaganych slow (force) - pomijam
  - bikestacja.pl: brak danych o cenie (typy na stronie: brak JSON-LD)
  + eubike.pl: 1615.9 PLN = 1615.9 PLN [EAN niepotwierdzony]
  + e-velomania.pl: 1199.0 PLN = 1199.0 PLN [EAN OK]
  - mantel.com: brak wymaganych slow (left) - pomijam
  - roweryonline.com: HTTP 403 (przegladarka tez nie przeszla)
  - olx.pl: pomijam (blokada potwierdzona w tym runie)
  - bike24.pl: pomijam (blokada potwierdzona w tym runie)
  - bike-mailorder.com: brak wymaganych slow (force) - pomijam
  - bike24.it: pomijam (blokada potwierdzona w tym runie)
  - lvr-cycles.com: pomijam (blokada potwierdzona w tym runie)
  - bike-discount.de: brak wymaganych slow (left) - pomijam
  - dscapital.de: brak danych o cenie (typy na stronie: brak JSON-LD)
  - evolutionbikes.fr: brak wymaganych slow (force, left) - pomijam
  + rotoruabike.com: 317.38 EUR = 1389.33 PLN [EAN niepotwierdzony]
  - idealo.es: pomijam (blokada potwierdzona w tym runie)
  - velofactory.ch: pomijam (blokada potwierdzona w tym runie)
  - it.wikipedia.org: brak danych o cenie (typy na stronie: article)
  - lordgunbicycles.com: pomijam (blokada potwierdzona w tym runie)
  - it.wikipedia.org: brak danych o cenie (typy na stronie: article)
  - pro-mstore.com: brak danych o cenie (typy na stronie: brak JSON-LD)
  - ridewill.it: brak danych o cenie (typy na stronie: collectionpage)
  - odeon.cz: brak danych o cenie (typy na stronie: brak JSON-LD)
  - royalvelofrance.fr: brak danych o cenie (typy na stronie: brak JSON-LD)
  - wareega.com: brak danych o cenie (typy na stronie: breadcrumblist, http://schema.org/product)
  - sanferbike.com: pomijam (blokada potwierdzona w tym runie)
  - royalvelofrance.fr: brak danych o cenie (typy na stronie: brak JSON-LD)
  - wareega.com: brak danych o cenie (typy na stronie: breadcrumblist, http://schema.org/product)
  - cyclesdupont.fr: brak wymaganych slow (force) - pomijam
  + bike-components.de: 270.0 EUR = 1181.93 PLN [EAN OK]
  - bike-discount.de: brak wymaganych slow (left) - pomijam
  - bike24.de: pomijam (blokada potwierdzona w tym runie)
  - lvr-cycles.com: pomijam (blokada potwierdzona w tym runie)
  - alltricks.de: brak wymaganych slow (left) - pomijam
  + nubuk-bikes.de: 316.95 EUR = 1387.45 PLN [EAN OK]
  - bikechill.pl: brak wymaganych slow (left) - pomijam
  + najsbike.pl: 1258.0 PLN = 1258.0 PLN [EAN OK]
  - cingolanibikeshop.com: brak wymaganych slow (left) - pomijam
  - bike24.it: pomijam (blokada potwierdzona w tym runie)
  - giangisbike.it: brak wymaganych slow (left) - pomijam
  - biketiresdirect.com: brak wymaganych slow (left) - pomijam
  - trainerroad.com: brak danych o cenie (typy na stronie: qapage)
  - ibkbike.com: niedostepny (outofstock)
  - r2-bike.com: pomijam (blokada potwierdzona w tym runie)
  - performancebike.com: brak wymaganych slow (force) - pomijam
  - performancebike.com: niedostepny (outofstock)
  - performancebike.com: brak wymaganych slow (force) - pomijam
  - performancebike.com: niedostepny (outofstock)
  - performancebike.com: brak wymaganych slow (force) - pomijam
  - performancebike.com: brak wymaganych slow (force) - pomijam
  - performancebike.com: niedostepny (outofstock)
  - performancebike.com: brak wymaganych slow (force) - pomijam
  - performancebike.com: brak wymaganych slow (force) - pomijam
  - performancebike.com: niedostepny (outofstock)
  - performancebike.com: brak wymaganych slow (left) - pomijam
  - performancebike.com: brak wymaganych slow (left) - pomijam
  - bike-components.de: brak wymaganych slow (force, left) - pomijam
  - spokex.com: waluta USD poza dozwolonym regionem - pomijam
  - performancebike.com: brak wymaganych slow (force) - pomijam
  - performancebike.com: brak wymaganych slow (force, left) - pomijam
  - excelsports.com: brak wymaganych slow (left) - pomijam
  - performancebike.com: brak wymaganych slow (force) - pomijam
  - kleinanzeigen.de: brak danych o cenie (typy na stronie: imageobject, website)
  - kleinanzeigen.de: brak danych o cenie (typy na stronie: imageobject, website)
  - buycycle.com: brak wymaganych slow (force) - pomijam
  - starbike.com: HTTP 404
  - performancebike.com: brak danych o cenie (typy na stronie: breadcrumblist)
  - bikestacja.pl: brak danych o cenie (typy na stronie: brak JSON-LD)
  - 2wheels.pl: brak danych o cenie (typy na stronie: breadcrumblist, organization, website)
  - sklep.kadrzynski.pl: brak wymaganych slow (left) - pomijam
  - centrumrowerowe.pl: brak wymaganych slow (left) - pomijam
  - centrumrowerowe.pl: brak danych o cenie (typy na stronie: breadcrumblist, itemlist, webpage)
  - 2wheels.pl: brak danych o cenie (typy na stronie: breadcrumblist, organization, website)
  - decathlon.pl: HTTP 403 (przegladarka tez nie przeszla)
  - google.de: brak danych o cenie (typy na stronie: brak JSON-LD)
  - velofactory.ch: pomijam (blokada potwierdzona w tym runie)
  - lordgunbicycles.com: pomijam (blokada potwierdzona w tym runie)
  - ridewill.it: brak danych o cenie (typy na stronie: brak JSON-LD)
  - lvr-cycles.com: pomijam (blokada potwierdzona w tym runie)
  - bike-cafe.fr: brak danych o cenie (typy na stronie: breadcrumblist, imageobject, newsarticle, organization, person, webpage, website)
  + culturevelo.com: 380.0 EUR = 1663.45 PLN [EAN OK]
  - cyclesetsports.com: brak danych o cenie (typy na stronie: brak JSON-LD)
  - dynamitebikelab.com: brak danych o cenie (typy na stronie: localbusiness)
  - excelsports.com: brak wymaganych slow (left) - pomijam
  - categoryonecycles.com: niedostepny (outofstock)
  - jensonusa.com: pomijam (blokada potwierdzona w tym runie)
  + fahrradteiledirekt.com: blokada ominieta headless Chromium
  - fahrradteiledirekt.com: 180.75 PLN poza widelkami [1000.0..2600.0] - pomijam
  - bkedeals.de: brak wymaganych slow (left) - pomijam
  - r2-bike.com: pomijam (blokada potwierdzona w tym runie)
  - bikesportworld.de: HTTP 404
  - tnc-hamburg.com: niedostepny (backorder)
  - r2-bike.com: pomijam (blokada potwierdzona w tym runie)
  - r2-bike.com: pomijam (blokada potwierdzona w tym runie)
  - r2-bike.com: pomijam (blokada potwierdzona w tym runie)
  - ibkbike.com: niedostepny (outofstock)
  + fullbike.com: 269.0 EUR = 1177.55 PLN [EAN niepotwierdzony]
  - tradeinn.com: brak danych o cenie (typy na stronie: faqpage, organization, webpage)
  - cingolanibikeshop.com: brak wymaganych slow (force, left) - pomijam
  - meinhartje.com: brak wymaganych slow (force, axs, left) - pomijam
  - tradeinn.com: brak danych o cenie (typy na stronie: faqpage, organization, webpage)
  + materiel-velo.com: 314.6 EUR = 1377.16 PLN [EAN OK]
  - werideoncycling-shop.com: brak danych o cenie (typy na stronie: brak JSON-LD)
  + velomania.ch: 269.9 CHF = 1267.07 PLN [EAN niepotwierdzony]
  - biketiresdirect.com: waluta USD poza dozwolonym regionem - pomijam
  + probikeshop.com.pl: 299.9 EUR = 1312.81 PLN [EAN OK]
  - velopoint.pl: pomijam (blokada potwierdzona w tym runie)
  - bike24.it: pomijam (blokada potwierdzona w tym runie)
  - bike24.it: pomijam (blokada potwierdzona w tym runie)
  - bike24.it: pomijam (blokada potwierdzona w tym runie)
  - bike24.it: pomijam (blokada potwierdzona w tym runie)
  - bike24.it: pomijam (blokada potwierdzona w tym runie)
  - bike24.it: pomijam (blokada potwierdzona w tym runie)
  - bike24.it: pomijam (blokada potwierdzona w tym runie)
  - bike24.it: pomijam (blokada potwierdzona w tym runie)
  - bike24.it: pomijam (blokada potwierdzona w tym runie)
  - bike24.it: pomijam (blokada potwierdzona w tym runie)
  - bike24.it: pomijam (blokada potwierdzona w tym runie)
  - bike24.it: pomijam (blokada potwierdzona w tym runie)
  - bike24.it: pomijam (blokada potwierdzona w tym runie)
  - bike24.it: pomijam (blokada potwierdzona w tym runie)
  - bike24.it: pomijam (blokada potwierdzona w tym runie)
  - bike24.it: pomijam (blokada potwierdzona w tym runie)
  - bike24.it: pomijam (blokada potwierdzona w tym runie)
  - deporvillage.de: HTTP 403 (przegladarka tez nie przeszla)
  - bikeimport.ch: brak wymaganych slow (left) - pomijam
  - bikestacja.pl: brak danych o cenie (typy na stronie: brak JSON-LD)
  - bike-rs.pl: brak danych o cenie (typy na stronie: breadcrumblist, http://schema.org/product, onlinestore, product)
  - f-bikestore.it: brak danych o cenie (typy na stronie: brak JSON-LD)
  - biketiresdirect.com: waluta USD poza dozwolonym regionem - pomijam
  - mikesbikes.com: brak wymaganych slow (left) - pomijam
  - de.wikipedia.org: brak danych o cenie (typy na stronie: article)
  - bike24.de: pomijam (blokada potwierdzona w tym runie)
  - messingschlager.com: brak danych o cenie (typy na stronie: breadcrumblist, corporation, webpage)
  - bike24.com: pomijam (blokada potwierdzona w tym runie)
  + fitstore24.com: 242.1 EUR = 1059.79 PLN [EAN niepotwierdzony]
  - tradeinn.com: brak danych o cenie (typy na stronie: faqpage, organization, webpage)
  - tweekscycles.com: brak wymaganych slow (left) - pomijam
  - bike-mailorder.com: brak wymaganych slow (left) - pomijam
  - fahrrad24.de: brak wymaganych slow (force) - pomijam
  - bike24.lu: pomijam (blokada potwierdzona w tym runie)
  - creoproject.pl: HTTP 404
  - bike24.de: pomijam (blokada potwierdzona w tym runie)
  - olx.pl: pomijam (blokada potwierdzona w tym runie)
  - olx.pl: pomijam (blokada potwierdzona w tym runie)
  - tradeinn.com: brak danych o cenie (typy na stronie: faqpage, organization, webpage)
  - super-bike.pl: brak wymaganych slow (left) - pomijam
  - francesconibike.com: brak wymaganych slow (force, left) - pomijam
  - sanferbike.com: pomijam (blokada potwierdzona w tym runie)
  - cingolanibikeshop.com: brak wymaganych slow (force, left) - pomijam
  - mondobicistore.com: brak wymaganych slow (left) - pomijam
  - bicidastrada.it: brak danych o cenie (typy na stronie: breadcrumblist, imageobject, newsarticle, organization, person, sportsclub, webpage, website)
  - bikecomponenti.com: HTTP 403 (przegladarka tez nie przeszla)
  - hollandbikeshop.com: 926.63 PLN poza widelkami [1000.0..2600.0] - pomijam
  - bicidastrada.it: brak danych o cenie (typy na stronie: breadcrumblist, imageobject, newsarticle, organization, person, sportsclub, videoobject, webpage, website)
  ! przegladarka: blad (Error) - restart Chromium
  - galaxus.it: HTTP 403 (przegladarka tez nie przeszla)
  - velofactory.ch: pomijam (blokada potwierdzona w tym runie)
  - tradeinn.com: brak danych o cenie (typy na stronie: faqpage, organization, webpage)
[BROWSER] Start headless Chromium (fallback na blokady botow)
  - bdc-mag.com: HTTP 403 (przegladarka tez nie przeszla)
  - tradeinn.com: brak danych o cenie (typy na stronie: organization, webpage)
  - shop.free-bike.net: blad pobierania (ConnectionError)
  - lordgunbicycles.com: pomijam (blokada potwierdzona w tym runie)
  - bicidastrada.it: brak danych o cenie (typy na stronie: breadcrumblist, imageobject, newsarticle, organization, person, sportsclub, videoobject, webpage, website)
  - troc-velo.com: brak danych o cenie (typy na stronie: brak JSON-LD)
  - parcosanpaolo.it: HTTP 404
  - h8sports.com: waluta USD poza dozwolonym regionem - pomijam
  - carlsbadinn.com: HTTP 404
  - excelsports.com: brak danych o cenie (typy na stronie: brak JSON-LD)
  - excelsports.com: brak danych o cenie (typy na stronie: brak JSON-LD)
  - performancebike.com: niedostepny (outofstock)
  - mapquest.com: HTTP 202
  - indeed.com: pomijam (blokada potwierdzona w tym runie)
  - tracxn.com: pomijam (blokada potwierdzona w tym runie)
  - baldersbychurch.com: HTTP 404
  - bike-mailorder.com: brak wymaganych slow (left) - pomijam
  - ttw-offroad.de: niedostepny (outofstock)
  - leadiq.com: brak danych o cenie (typy na stronie: breadcrumblist, faqpage, organization)
  - leadiq.com: brak danych o cenie (typy na stronie: breadcrumblist, faqpage, organization)
  - leadiq.com: brak danych o cenie (typy na stronie: breadcrumblist, faqpage, organization)
  - leadiq.com: brak danych o cenie (typy na stronie: breadcrumblist, faqpage, organization)
  - leadiq.com: brak danych o cenie (typy na stronie: breadcrumblist, faqpage, organization)
  - bike-rs.pl: brak danych o cenie (typy na stronie: breadcrumblist, http://schema.org/product, onlinestore, product)
  - crankbike.pl: pomijam (blokada potwierdzona w tym runie)
  - bikefast.pl: blad pobierania (ConnectTimeout)
  - zoominfo.com: HTTP 403 (przegladarka tez nie przeszla)
  - tracxn.com: pomijam (blokada potwierdzona w tym runie)
  - bike24.it: pomijam (blokada potwierdzona w tym runie)
  - tradeinn.com: brak danych o cenie (typy na stronie: organization, webpage)
  - ebikelab.it: brak wymaganych slow (left) - pomijam
  - cryptorank.io: brak wymaganych slow (force, left) - pomijam
  - cryptorank.io: brak wymaganych slow (force, left) - pomijam
  - cryptorank.io: brak wymaganych slow (force, left) - pomijam
  - cryptorank.io: brak wymaganych slow (force, left) - pomijam
  - cryptorank.io: brak wymaganych slow (force, left) - pomijam
  - royalvelofrance.fr: brak danych o cenie (typy na stronie: brak JSON-LD)
  - jihercet.com: brak wymaganych slow (left) - pomijam
  - jihercet.com: brak wymaganych slow (left) - pomijam
  - royalvelofrance.fr: brak danych o cenie (typy na stronie: brak JSON-LD)
  - indeed.com: pomijam (blokada potwierdzona w tym runie)
  - ms-exclusiv-bikes.de: brak danych o cenie (typy na stronie: localbusiness)
  - leadiq.com: brak danych o cenie (typy na stronie: breadcrumblist, faqpage, organization)
  - wertykal.com: brak danych o cenie (typy na stronie: brak JSON-LD)
  - bikefast.pl: blad pobierania (ConnectTimeout)
  - ibkbike.it: niedostepny (outofstock)
  - bike-discount.de: brak wymaganych slow (force, left) - pomijam
  - cryptorank.io: brak wymaganych slow (force, left) - pomijam
  - cryptorank.io: brak wymaganych slow (force, left) - pomijam
  - tracxn.com: pomijam (blokada potwierdzona w tym runie)
  + jihercet.com: 293.4 EUR = 1284.36 PLN [EAN OK]
  - troc-velo.com: brak danych o cenie (typy na stronie: brak JSON-LD)
  - alltricks.fr: brak danych o cenie (typy na stronie: brak JSON-LD)
  - prolocotrade.si: brak danych o cenie (typy na stronie: brak JSON-LD)
  - prolocotrade.si: brak danych o cenie (typy na stronie: brak JSON-LD)
  - starbike.com: HTTP 404
  - starbike.com: HTTP 404
  - starbike.com: HTTP 404
  - tradeinn.com: brak danych o cenie (typy na stronie: brak JSON-LD)
[MONITOR] FORCE-AXS-PRAWA: sprawdzam 501 URL-i
  - bikable.com: niedostepny (preorder)
  - noboundariessport.com: waluta USD poza dozwolonym regionem - pomijam
  + larunpyora.com: 383.99 EUR = 1680.92 PLN [EAN OK]
  - theproscloset.com: waluta USD poza dozwolonym regionem - pomijam
  - universalcycles.com: brak wymaganych slow (right) - pomijam
  - 365cycles.com: brak wymaganych slow (right) - pomijam
  - steedcycles.com: brak wymaganych slow (right) - pomijam
  - worldwidecyclery.com: waluta USD poza dozwolonym regionem - pomijam
  + rosebikes.com: 279.95 EUR = 1225.48 PLN [EAN OK]
  - thebikeshop.com: waluta CAD poza dozwolonym regionem - pomijam
  - mikesbikes.com: brak wymaganych slow (right) - pomijam
  - bike24.com: pomijam (blokada potwierdzona w tym runie)
  - travelingground.com: niedostepny (outofstock)
  - seattleelectricbike.net: waluta USD poza dozwolonym regionem - pomijam
  - racycles.com: brak wymaganych slow (force, right) - pomijam
  - bouldernordic.com: waluta USD poza dozwolonym regionem - pomijam
  - excelsports.com: brak wymaganych slow (right) - pomijam
  - treefortbikes.com: waluta USD poza dozwolonym regionem - pomijam
  - bikable.com: niedostepny (preorder)
  ~ worldwidecyclery.com: brak ceny, ale znalazlem 3 link(i) produktowe - sprawdzam
  - spokex.com: brak wymaganych slow (right) - pomijam
  - mikesbikes.com: brak wymaganych slow (force, right) - pomijam
  - competitivecyclist.com: HTTP 202
  - powermetercity.com: pomijam (blokada potwierdzona w tym runie)
  - r2-bike.com: pomijam (blokada potwierdzona w tym runie)
  + tnc-hamburg.com: 269.0 EUR = 1177.55 PLN [EAN niepotwierdzony]
  - otto.de: HTTP 400
  - bike-discount.de: brak wymaganych slow (right) - pomijam
  ~ procycle-parts.de: brak ceny, ale znalazlem 3 link(i) produktowe - sprawdzam
  - bike24.de: pomijam (blokada potwierdzona w tym runie)
  - suicycle-store.com: niedostepny (outofstock)
  - lordgun.de: pomijam (blokada potwierdzona w tym runie)
  - bike24.de: pomijam (blokada potwierdzona w tym runie)
  - procycle-parts.de: brak danych o cenie (typy na stronie: brak JSON-LD)
  - deporvillage.de: pomijam (blokada potwierdzona w tym runie)
  - bike-discount.de: brak wymaganych slow (right) - pomijam
  - otto.de: HTTP 400
  - cycling-parts.ch: 929.53 PLN poza widelkami [1000.0..2600.0] - pomijam
  - jr-chains.de: brak wymaganych slow (right) - pomijam
  - r2-bike.com: pomijam (blokada potwierdzona w tym runie)
  + tnc-hamburg.com: 336.9 EUR = 1474.78 PLN [EAN OK]
  + bike-components.de: 280.0 EUR = 1225.7 PLN [EAN OK]
  - bike-mailorder.com: brak wymaganych slow (right) - pomijam
  + e-velomania.pl: 1199.0 PLN = 1199.0 PLN [EAN OK]
  - rowertour.com: brak danych o cenie (typy na stronie: breadcrumblist, itemlist, webpage)
  - formicki-bike.pl: brak danych o cenie (typy na stronie: brak JSON-LD)
  - bikefast.pl: blad pobierania (ConnectTimeout)
  - cyklomania.pl: brak danych o cenie (typy na stronie: brak JSON-LD)
  - centrumrowerowe.pl: brak wymaganych slow (right) - pomijam
  - cingolanibikeshop.com: brak wymaganych slow (right) - pomijam
  - bike-store-treviso.it: brak danych o cenie (typy na stronie: brak JSON-LD)
  - lvr-cycles.com: pomijam (blokada potwierdzona w tym runie)
  - bike24.it: pomijam (blokada potwierdzona w tym runie)
  - servi-a.com: HTTP 404
  - gambacicli.com: brak wymaganych slow (right) - pomijam
  - bike-discount.de: brak danych o cenie (typy na stronie: breadcrumblist, onlinestore)
  - giangisbike.it: brak wymaganych slow (right) - pomijam
  - mantel.com: brak wymaganych slow (right) - pomijam
  - lordgunbicycles.com: pomijam (blokada potwierdzona w tym runie)
  - bikemart.com: brak danych o cenie (typy na stronie: organization)
  - bikesonline.com: brak danych o cenie (typy na stronie: organization)
  - en.wikipedia.org: brak danych o cenie (typy na stronie: article)
  - worldwidecyclery.com: waluta USD poza dozwolonym regionem - pomijam
  - universalcycles.com: brak wymaganych slow (force, right) - pomijam
  - universalcycles.com: HTTP 404
  - bike24.com: pomijam (blokada potwierdzona w tym runie)
  - treefortbikes.com: waluta USD poza dozwolonym regionem - pomijam
  - epic-cycles.com: brak danych o cenie (typy na stronie: breadcrumblist, itemlist, organization)
  - contenderbicycles.com: brak wymaganych slow (right) - pomijam
  - spokex.com: brak wymaganych slow (right) - pomijam
  - bikable.de: brak wymaganych slow (right) - pomijam
  ! przegladarka: blad (Error) - restart Chromium
  - galaxus.de: HTTP 403 (przegladarka tez nie przeszla)
  - bike24.de: pomijam (blokada potwierdzona w tym runie)
  - bike-components.de: niedostepny (backorder)
  + tnc-hamburg.com: 239.9 EUR = 1050.16 PLN [EAN niepotwierdzony]
  - mantel.com: brak wymaganych slow (right) - pomijam
  - centrumrowerowe.pl: brak danych o cenie (typy na stronie: breadcrumblist, itemlist, webpage)
  - helmansport.pl: brak wymaganych slow (right) - pomijam
  - 2wheels.pl: brak wymaganych slow (right) - pomijam
  - bike24.pl: pomijam (blokada potwierdzona w tym runie)
  - ebikelab.it: 800.64 PLN poza widelkami [1000.0..2600.0] - pomijam
  - bike24.it: pomijam (blokada potwierdzona w tym runie)
  - lordgunbicycles.com: pomijam (blokada potwierdzona w tym runie)
  - bike-discount.de: brak wymaganych slow (force, right) - pomijam
  - lvr-cycles.com: pomijam (blokada potwierdzona w tym runie)
  - lordgunbicycles.fr: pomijam (blokada potwierdzona w tym runie)
  - mantel.com: brak wymaganych slow (right) - pomijam
  - probikeshop.fr: brak wymaganych slow (right) - pomijam
  - troc-velo.com: brak danych o cenie (typy na stronie: brak JSON-LD)
  - bike-components.de: brak wymaganych slow (right) - pomijam
  - idealo.fr: pomijam (blokada potwierdzona w tym runie)
  - hygi.de: HTTP 247
  + kastor-bike.pl: 1269.99 PLN = 1269.99 PLN [EAN OK]
  - cyklomania.pl: brak danych o cenie (typy na stronie: brak JSON-LD)
  - rowertour.com: brak wymaganych slow (right) - pomijam
  - r2-bike.com: pomijam (blokada potwierdzona w tym runie)
  - bike24.pl: pomijam (blokada potwierdzona w tym runie)
  - interkolor.pl: brak danych o cenie (typy na stronie: brak JSON-LD)
  - bike-discount.de: brak wymaganych slow (right) - pomijam
  - rosebikes.it: brak wymaganych slow (right) - pomijam
  - velodrom.cc: waluta USD poza dozwolonym regionem - pomijam
  - cavalierebici.it: brak wymaganych slow (right) - pomijam
  - koloshop.cz: brak wymaganych slow (right) - pomijam
[BROWSER] Start headless Chromium (fallback na blokady botow)
  - cyklisticke-prislusenstvi.heureka.cz: HTTP 403 (przegladarka tez nie przeszla)
  + bike-components.de: 379.0 EUR = 1659.07 PLN [EAN niepotwierdzony]
  - cyklozitny.cz: brak danych o cenie (typy na stronie: brak JSON-LD)
  - bike24.com: pomijam (blokada potwierdzona w tym runie)
  - pichon.fr: brak danych o cenie (typy na stronie: brak JSON-LD)
  - seven-equipement.fr: brak wymaganych slow (force, axs, right) - pomijam
  - provence-outillage.fr: brak danych o cenie (typy na stronie: itempage)
  - clairefontaine.com: brak danych o cenie (typy na stronie: brak JSON-LD)
  - negoce-materiaux-aquitain.com: brak wymaganych slow (force, axs, right) - pomijam
  - claudebernard.fr: brak danych o cenie (typy na stronie: brak JSON-LD)
  - brico-travo.com: brak wymaganych slow (force, axs, right) - pomijam
  - leslibraires.fr: brak danych o cenie (typy na stronie: brak JSON-LD)
  - bureau-vallee.fr: brak danych o cenie (typy na stronie: breadcrumblist, product, webpage, website)
  - bretagne-materiaux.fr: HTTP 403 (przegladarka tez nie przeszla)
  - ciclesab.com: brak wymaganych slow (right) - pomijam
  - pedalmoto.com: brak wymaganych slow (right) - pomijam
  - lvr-cycles.com: pomijam (blokada potwierdzona w tym runie)
  - bike24.es: pomijam (blokada potwierdzona w tym runie)
  - materiel-velo.es: brak danych o cenie (typy na stronie: organization, webpage, website)
  - bike24.es: pomijam (blokada potwierdzona w tym runie)
  - rat-bikes.com: HTTP 403 (przegladarka tez nie przeszla)
  - ibkbike.com: HTTP 404
  - landrys.com: brak wymaganych slow (right) - pomijam
  - jr-chains.de: brak wymaganych slow (right) - pomijam
  - bike24.com: pomijam (blokada potwierdzona w tym runie)
  - r2-bike.com: pomijam (blokada potwierdzona w tym runie)
  - powermetercity.com: pomijam (blokada potwierdzona w tym runie)
  + bike-components.de: 280.0 EUR = 1225.7 PLN [EAN OK]
  - bikestacja.pl: brak wymaganych slow (right) - pomijam
  + rosebikes.pl: 279.95 EUR = 1225.48 PLN [EAN OK]
  - bike24.com: pomijam (blokada potwierdzona w tym runie)
  - meinhartje.com: brak wymaganych slow (force, axs, right) - pomijam
  - tweekscycles.com: brak wymaganych slow (right) - pomijam
  - velonova.ee: pomijam (blokada potwierdzona w tym runie)
  - r2-bike.com: pomijam (blokada potwierdzona w tym runie)
  - lordgun.com: pomijam (blokada potwierdzona w tym runie)
  - bike24.com: pomijam (blokada potwierdzona w tym runie)
  - lvr-cycles.com: pomijam (blokada potwierdzona w tym runie)
  - bike-discount.de: brak wymaganych slow (right) - pomijam
  - velonova.lt: pomijam (blokada potwierdzona w tym runie)
  - starbike.com: brak danych o cenie (typy na stronie: breadcrumblist, organization, webpage)
  - starbike.com: brak danych o cenie (typy na stronie: breadcrumblist, organization, webpage)
  - idealo.es: pomijam (blokada potwierdzona w tym runie)
  - lvr-cycles.com: pomijam (blokada potwierdzona w tym runie)
  - racycles.com: waluta USD poza dozwolonym regionem - pomijam
  - lordgun.com: pomijam (blokada potwierdzona w tym runie)
  - performancebike.com: brak wymaganych slow (right) - pomijam
  - worldwidecyclery.com: brak danych o cenie (typy na stronie: breadcrumblist, localbusiness, organization)
  - lordgun.com: pomijam (blokada potwierdzona w tym runie)
  - biketiresdirect.com: waluta USD poza dozwolonym regionem - pomijam
  - bike-discount.de: brak danych o cenie (typy na stronie: breadcrumblist, onlinestore)
  - lvr-cycles.com: pomijam (blokada potwierdzona w tym runie)
  - nubuk-bikes.de: brak wymaganych slow (right) - pomijam
  + bike-components.de: 280.0 EUR = 1225.7 PLN [EAN OK]
  - bike24.de: pomijam (blokada potwierdzona w tym runie)
  - kleinanzeigen.de: brak danych o cenie (typy na stronie: imageobject, website)
  - bike-mailorder.com: brak wymaganych slow (right) - pomijam
  - centrumrowerowe.pl: brak wymaganych slow (right) - pomijam
  - bikefast.pl: blad pobierania (ConnectTimeout)
  + bikestacja.pl: 1353.0 PLN = 1353.0 PLN [EAN OK]
  - wertykal.com: brak danych o cenie (typy na stronie: brak JSON-LD)
  - velopoint.pl: pomijam (blokada potwierdzona w tym runie)
  - formicki-bike.pl: brak danych o cenie (typy na stronie: brak JSON-LD)
  - rowertour.com: brak danych o cenie (typy na stronie: breadcrumblist, itemlist, webpage)
  - veloabike.pl: brak danych o cenie (typy na stronie: breadcrumblist, onlinestore)
  - 2wheels.pl: brak wymaganych slow (right) - pomijam
  - bikestacja.pl: brak wymaganych slow (force, right) - pomijam
  - axit.cz: brak danych o cenie (typy na stronie: brak JSON-LD)
  - cyklozitny.cz: brak danych o cenie (typy na stronie: brak JSON-LD)
  - bikefast.pl: blad pobierania (ConnectTimeout)
  - velofactory.ch: pomijam (blokada potwierdzona w tym runie)
  - alltricks.it: brak wymaganych slow (force) - pomijam
  - francesconibike.com: brak wymaganych slow (force, right) - pomijam
  - mondobicistore.com: brak wymaganych slow (right) - pomijam
  - francesconibike.com: brak wymaganych slow (force, right) - pomijam
  - francesconibike.com: brak wymaganych slow (force, right) - pomijam
  - cingolanibikeshop.com: brak wymaganych slow (right) - pomijam
  + terra-bike.com: 304.0 EUR = 1330.76 PLN [EAN OK]
  - materiel-velo.es: 999.47 PLN poza widelkami [1000.0..2600.0] - pomijam
  - fabreguesbicicletas.com: pomijam (blokada potwierdzona w tym runie)
  - deporvillage.com: HTTP 403 (przegladarka tez nie przeszla)
  - ciclosfran.com: brak danych o cenie (typy na stronie: brak JSON-LD)
  - darfi.net: HTTP 404
  - ridewill.it: brak danych o cenie (typy na stronie: brak JSON-LD)
  - ciclimattio.com: brak wymaganych slow (force, right) - pomijam
  - bernaudeaucycles.fr: brak wymaganych slow (right) - pomijam
  - werideoncycling-shop.com: brak wymaganych slow (right) - pomijam
  - culturevelo.com: brak wymaganych slow (right) - pomijam
  - cyclesdupont.fr: brak wymaganych slow (right) - pomijam
  - alltricks.fr: brak wymaganych slow (right) - pomijam
  - bike24.fr: pomijam (blokada potwierdzona w tym runie)
  - velofactory.ch: pomijam (blokada potwierdzona w tym runie)
  - academiadetopografie.ro: blad pobierania (SSLError)
  - bouticycle.com: brak wymaganych slow (right) - pomijam
  - papiermacherschule.at: HTTP 404
  - royalvelofrance.fr: brak danych o cenie (typy na stronie: brak JSON-LD)
  - velostation.com: brak wymaganych slow (right) - pomijam
  - werideoncycling-shop.com: brak wymaganych slow (right) - pomijam
  - bouticycle.com: brak wymaganych slow (right) - pomijam
  - bike24.fr: pomijam (blokada potwierdzona w tym runie)
  - eglisearena.com: HTTP 404
  - mantel.com: brak wymaganych slow (right) - pomijam
  - bike-components.de: brak wymaganych slow (right) - pomijam
  - royalvelofrance.fr: brak danych o cenie (typy na stronie: brak JSON-LD)
  - werideoncycling-shop.com: brak danych o cenie (typy na stronie: brak JSON-LD)
  - culturevelo.com: niedostepny (instoreonly)
  - jihercet.com: brak wymaganych slow (right) - pomijam
  - velostation.com: brak wymaganych slow (right) - pomijam
  - nextag.de: brak danych o cenie (typy na stronie: breadcrumblist)
  - ik.pl: brak danych o cenie (typy na stronie: breadcrumblist, localbusiness)
  - gastromania.pl: brak wymaganych slow (force, axs, right) - pomijam
  - dcfoto.pl: brak wymaganych slow (force, axs, right) - pomijam
  - 3mpolska.pl: blad pobierania (ReadTimeout)
  - batna24.com: brak wymaganych slow (force, axs, right) - pomijam
  - lazienkarium.pl: brak wymaganych slow (force, axs, right) - pomijam
  - autodoc.pl: HTTP 403 (przegladarka tez nie przeszla)
  - imperiumlamp.pl: brak wymaganych slow (force, axs, right) - pomijam
  - pajm.pl: brak danych o cenie (typy na stronie: brak JSON-LD)
  - r2-bike.com: pomijam (blokada potwierdzona w tym runie)
  - bike24.it: pomijam (blokada potwierdzona w tym runie)
  - bike24.com: pomijam (blokada potwierdzona w tym runie)
  - cyklozitny.cz: brak danych o cenie (typy na stronie: brak JSON-LD)
  - cycli.cz: blad pobierania (ConnectTimeout)
  - ccache.cc: waluta USD poza dozwolonym regionem - pomijam
  - fnac.com: HTTP 403 (przegladarka tez nie przeszla)
  - tradergames.fr: HTTP 403 (przegladarka tez nie przeszla)
  - wiflux.fr: brak danych o cenie (typy na stronie: organization)
  - idealo.fr: pomijam (blokada potwierdzona w tym runie)
  - auto-doc.fr: HTTP 403 (przegladarka tez nie przeszla)
  - 123comparer.fr: brak wymaganych slow (force, axs, right) - pomijam
  - mobile24.fr: brak danych o cenie (typy na stronie: itemlist)
  - fnac.com: pomijam (blokada potwierdzona w tym runie)
  - fnac.com: pomijam (blokada potwierdzona w tym runie)
  - fnac.com: pomijam (blokada potwierdzona w tym runie)
  - bike24.nl: HTTP 403 (przegladarka tez nie przeszla)
  - bike24.nl: pomijam (blokada potwierdzona w tym runie)
  - bike24.com: pomijam (blokada potwierdzona w tym runie)
  - bike24.nl: pomijam (blokada potwierdzona w tym runie)
  - outlet.wheelandsprocket.com: brak wymaganych slow (right) - pomijam
  - ascensionvelo.com: waluta CAD poza dozwolonym regionem - pomijam
  + birk.no: 3621.0 NOK = 1476.28 PLN [EAN OK]
  - r2-bike.com: pomijam (blokada potwierdzona w tym runie)
  - buycycle.com: brak wymaganych slow (force, right) - pomijam
  - gambacicli.com: brak wymaganych slow (force, right) - pomijam
  + evolutionbikes.it: 289.9 EUR = 1269.04 PLN [EAN OK]
  - nencinisport.it: pomijam (blokada potwierdzona w tym runie)
  - velonova.ee: pomijam (blokada potwierdzona w tym runie)
  - bike24.com: pomijam (blokada potwierdzona w tym runie)
  - trainerroad.com: brak danych o cenie (typy na stronie: qapage)
  - weightweenies.starbike.com: pomijam (blokada potwierdzona w tym runie)
  - performancebike.com: niedostepny (outofstock)
  - twohoosierscyclery.com: brak wymaganych slow (right) - pomijam
  - bike-components.de: niedostepny (backorder)
  - bikable.de: niedostepny (preorder)
  - bike24.at: pomijam (blokada potwierdzona w tym runie)
  - bike24.lu: pomijam (blokada potwierdzona w tym runie)
  - bike24.de: pomijam (blokada potwierdzona w tym runie)
  - bike24.de: pomijam (blokada potwierdzona w tym runie)
  - bike24.at: pomijam (blokada potwierdzona w tym runie)
  - bike24.lu: pomijam (blokada potwierdzona w tym runie)
  - bike24.lu: pomijam (blokada potwierdzona w tym runie)
  - bike24.de: pomijam (blokada potwierdzona w tym runie)
  - bike24.de: pomijam (blokada potwierdzona w tym runie)
  - bike24.at: pomijam (blokada potwierdzona w tym runie)
  - bike24.lu: pomijam (blokada potwierdzona w tym runie)
  - bike24.at: pomijam (blokada potwierdzona w tym runie)
  - bike24.at: pomijam (blokada potwierdzona w tym runie)
  - bike24.lu: pomijam (blokada potwierdzona w tym runie)
  - bike24.de: pomijam (blokada potwierdzona w tym runie)
  - bike24.at: pomijam (blokada potwierdzona w tym runie)
  - bike24.lu: pomijam (blokada potwierdzona w tym runie)
  - bike24.de: pomijam (blokada potwierdzona w tym runie)
  - bike24.at: pomijam (blokada potwierdzona w tym runie)
  - bike-components.de: brak wymaganych slow (force, right) - pomijam
  - centrumrowerowe.pl: brak danych o cenie (typy na stronie: breadcrumblist, itemlist, webpage)
  - kompletni-sady.heureka.cz: HTTP 403 (przegladarka tez nie przeszla)
  - e-velomania.pl: brak wymaganych slow (force, right) - pomijam
  - centrumrowerowe.pl: brak danych o cenie (typy na stronie: breadcrumblist, itemlist, webpage)
  - olx.pl: pomijam (blokada potwierdzona w tym runie)
  - helmansport.pl: brak danych o cenie (typy na stronie: breadcrumblist, itemlist, organization, webpage)
  - sprint-rowery.pl: pomijam (blokada potwierdzona w tym runie)
  - r2-bike.com: pomijam (blokada potwierdzona w tym runie)
  - formicki-bike.pl: brak danych o cenie (typy na stronie: brak JSON-LD)
  - velofactory.ch: pomijam (blokada potwierdzona w tym runie)
  - saintaubindecrosville.fr: HTTP 404
  - bike-discount.de: brak danych o cenie (typy na stronie: breadcrumblist, onlinestore)
  - tradeinn.com: brak danych o cenie (typy na stronie: organization, webpage)
  - sanferbike.com: pomijam (blokada potwierdzona w tym runie)
  - bike24.it: pomijam (blokada potwierdzona w tym runie)
  - bike24.it: pomijam (blokada potwierdzona w tym runie)
  - bike24.it: pomijam (blokada potwierdzona w tym runie)
  - bike24.it: pomijam (blokada potwierdzona w tym runie)
  - bike24.it: pomijam (blokada potwierdzona w tym runie)
  - bike24.it: pomijam (blokada potwierdzona w tym runie)
  - bike24.it: pomijam (blokada potwierdzona w tym runie)
  - bike24.it: pomijam (blokada potwierdzona w tym runie)
  - bike24.it: pomijam (blokada potwierdzona w tym runie)
  - bike24.it: pomijam (blokada potwierdzona w tym runie)
  - bike24.it: pomijam (blokada potwierdzona w tym runie)
  - bike24.it: pomijam (blokada potwierdzona w tym runie)
  - bike24.it: pomijam (blokada potwierdzona w tym runie)
  - bike24.it: pomijam (blokada potwierdzona w tym runie)
  - bike24.it: pomijam (blokada potwierdzona w tym runie)
  - bike24.it: pomijam (blokada potwierdzona w tym runie)
  - bike24.it: pomijam (blokada potwierdzona w tym runie)
  - leboncoin.fr: HTTP 403 (przegladarka tez nie przeszla)
  + materiel-velo.com: 314.6 EUR = 1377.16 PLN [EAN OK]
  - gambacicli.fr: pomijam (blokada potwierdzona w tym runie)
  - materiel-velo.com: 999.47 PLN poza widelkami [1000.0..2600.0] - pomijam
  - werideoncycling-shop.com: brak wymaganych slow (right) - pomijam
  - wareega.com: brak danych o cenie (typy na stronie: breadcrumblist, http://schema.org/product)
  - salden.nl: brak wymaganych slow (right) - pomijam
  - cyclesdupont.fr: brak wymaganych slow (right) - pomijam
  + rosebikes.de: 279.95 EUR = 1225.48 PLN [EAN OK]
  - bikesnboards.de: brak wymaganych slow (right) - pomijam
  - ibkbike.de: HTTP 404
  - ibksport.ch: HTTP 404
  - cycling-parts.ch: brak wymaganych slow (right) - pomijam
  - beta24.pl: brak wymaganych slow (force, axs, right) - pomijam
  - velodrom.cc: niedostepny (outofstock)
  - rotoruabike.fr: brak wymaganych slow (right) - pomijam
  - ibkbike.fr: HTTP 404
  - ciclesab.com: brak wymaganych slow (right) - pomijam
  + rosebikes.nl: 284.7 EUR = 1246.27 PLN [EAN OK]
  - velodrom.cc: waluta USD poza dozwolonym regionem - pomijam
  - competitivecyclist.com: HTTP 202
  - racycles.com: waluta USD poza dozwolonym regionem - pomijam
  - bikecomponents-us.com: waluta USD poza dozwolonym regionem - pomijam
  - cambriabike.com: brak danych o cenie (typy na stronie: organization, product, website)
  - bikestacja.pl: brak danych o cenie (typy na stronie: localbusiness)
  - kola-radotin.cz: HTTP 403 (przegladarka tez nie przeszla)
  - bike24.com: pomijam (blokada potwierdzona w tym runie)
  - meinhartje.com: brak wymaganych slow (force, axs, right) - pomijam
  - powermetercity.com: pomijam (blokada potwierdzona w tym runie)
  - fahrrad-teile.shop: 638.46 PLN poza widelkami [1000.0..2600.0] - pomijam
  - bikable.de: brak danych o cenie (typy na stronie: breadcrumblist)
  - koloshop24.de: brak wymaganych slow (right) - pomijam
  - bike-mailorder.com: brak wymaganych slow (right) - pomijam
  - bikefast.pl: blad pobierania (ConnectTimeout)
  - gtstore.cz: HTTP 404
  - bikefast.pl: blad pobierania (ConnectTimeout)
  - strefasportu.pl: brak danych o cenie (typy na stronie: breadcrumblist, http://schema.org/product, onlinestore, product)
  - crankbike.pl: pomijam (blokada potwierdzona w tym runie)
  - olx.pl: pomijam (blokada potwierdzona w tym runie)
  - kastor-bike.pl: brak wymaganych slow (force, right) - pomijam
  - rowerowaholandia.pl: brak wymaganych slow (right) - pomijam
  - francesconibike.com: brak wymaganych slow (force, right) - pomijam
  - mondobicistore.com: brak wymaganych slow (right) - pomijam
  - bike-store-treviso.it: brak danych o cenie (typy na stronie: brak JSON-LD)
  - bike-mailorder.com: brak wymaganych slow (force) - pomijam
  + mtbiker.it: blokada ominieta headless Chromium
  - mtbiker.it: brak danych o cenie (typy na stronie: breadcrumblist, collectionpage)
  + rotoruabike.com: 317.38 EUR = 1389.33 PLN [EAN niepotwierdzony]
  - ibksport.es: HTTP 404
  - bike24.es: pomijam (blokada potwierdzona w tym runie)
  - idealo.es: pomijam (blokada potwierdzona w tym runie)
  - mantel.com: brak wymaganych slow (right) - pomijam
  - worden.fr: brak wymaganych slow (right) - pomijam
  - bike24.pl: pomijam (blokada potwierdzona w tym runie)
  - m.sergedutouron.com: brak wymaganych slow (right) - pomijam
  - sergedutouron.com: brak wymaganych slow (right) - pomijam
  - sanferbike.com: pomijam (blokada potwierdzona w tym runie)
  - bike24.fr: pomijam (blokada potwierdzona w tym runie)
  - mantel.com: brak wymaganych slow (force, right) - pomijam
  - cyclesetsports.com: brak danych o cenie (typy na stronie: brak JSON-LD)
  - culturevelo.com: brak wymaganych slow (right) - pomijam
  - performancebike.com: brak danych o cenie (typy na stronie: breadcrumblist)
  - bike24.fr: pomijam (blokada potwierdzona w tym runie)
  - bike24.be: pomijam (blokada potwierdzona w tym runie)
  - ibksport.de: HTTP 404
  - chrissports.ch: HTTP 403 (przegladarka tez nie przeszla)
  - hangar15bicycles.com: waluta USD poza dozwolonym regionem - pomijam
  - bikemart.com: brak wymaganych slow (right) - pomijam
  - jensonusa.com: pomijam (blokada potwierdzona w tym runie)
  - biketiresdirect.com: brak wymaganych slow (right) - pomijam
  - ibkbike.ch: niedostepny (outofstock)
  - performancebike.com: niedostepny (outofstock)
  - kleinanzeigen.de: brak danych o cenie (typy na stronie: imageobject, website)
  - bike24.de: pomijam (blokada potwierdzona w tym runie)
  + velomania.ch: 269.9 CHF = 1267.07 PLN [EAN niepotwierdzony]
  - olx.pl: pomijam (blokada potwierdzona w tym runie)
  - cyklomania.pl: brak danych o cenie (typy na stronie: brak JSON-LD)
  - sanferbike.com: pomijam (blokada potwierdzona w tym runie)
  - ridewill.it: brak danych o cenie (typy na stronie: brak JSON-LD)
  - royalvelofrance.fr: brak danych o cenie (typy na stronie: brak JSON-LD)
  - resocafecantineasso.fr: HTTP 404
  - wareega.com: brak danych o cenie (typy na stronie: breadcrumblist, http://schema.org/product)
  - racycles.com: brak wymaganych slow (force, right) - pomijam
  - performancebike.com: niedostepny (outofstock)
  - performancebike.com: brak wymaganych slow (force) - pomijam
  - performancebike.com: niedostepny (outofstock)
  - performancebike.com: niedostepny (outofstock)
  - performancebike.com: niedostepny (outofstock)
  - excelsports.com: brak wymaganych slow (right) - pomijam
  - performancebike.com: brak wymaganych slow (force, right) - pomijam
  - performancebike.com: brak wymaganych slow (force, right) - pomijam
  - performancebike.com: brak wymaganych slow (force) - pomijam
  - bike-components.de: brak wymaganych slow (force, right) - pomijam
  - spokex.com: waluta USD poza dozwolonym regionem - pomijam
  - performancebike.com: brak wymaganych slow (force, right) - pomijam
  - excelsports.com: brak wymaganych slow (force, right) - pomijam
  - excelsports.com: brak wymaganych slow (force, right) - pomijam
  - spokex.com: brak wymaganych slow (right) - pomijam
  - sklep.kadrzynski.pl: blad pobierania (ConnectTimeout)
  - wertykal.com: brak danych o cenie (typy na stronie: brak JSON-LD)
  - ibkbike.it: niedostepny (outofstock)
  - bikeacademyshop.com: pomijam (blokada potwierdzona w tym runie)
  - probikeshop.it: brak wymaganych slow (force) - pomijam
  - jihercet.com: brak wymaganych slow (right) - pomijam
  - noboundariessport.com: waluta USD poza dozwolonym regionem - pomijam
  - thebicyclestation.com: brak wymaganych slow (right) - pomijam
  - jensonusa.com: pomijam (blokada potwierdzona w tym runie)
  - mikesbikes.com: waluta USD poza dozwolonym regionem - pomijam
  - rowertour.com: brak wymaganych slow (right) - pomijam
  - mtbiker.pl: pomijam (blokada potwierdzona w tym runie)
  - rowertour.com: brak wymaganych slow (right) - pomijam
  - centrumrowerowe.pl: brak wymaganych slow (force, right) - pomijam
  - centrumrowerowe.pl: brak wymaganych slow (right) - pomijam
  - rowertour.com: brak danych o cenie (typy na stronie: breadcrumblist, itemlist, webpage)
  - rowertour.com: brak danych o cenie (typy na stronie: breadcrumblist, itemlist, webpage)
  - rowertour.com: brak wymaganych slow (right) - pomijam
  - rowertour.com: brak danych o cenie (typy na stronie: breadcrumblist, itemlist, webpage)
  - rowertour.com: brak danych o cenie (typy na stronie: breadcrumblist, itemlist, webpage)
  - rowertour.com: brak wymaganych slow (force, right) - pomijam
  - rowertour.com: brak wymaganych slow (axs, right) - pomijam
  - rowertour.com: brak wymaganych slow (axs, right) - pomijam
  - rowertour.com: brak wymaganych slow (axs, right) - pomijam
  - rowertour.com: brak wymaganych slow (right) - pomijam
  - rowertour.com: brak wymaganych slow (force, right) - pomijam
  - rowertour.com: brak wymaganych slow (force, right) - pomijam
  - sportano.pl: brak wymaganych slow (right) - pomijam
  - bike24.be: pomijam (blokada potwierdzona w tym runie)
  - bike24.lu: pomijam (blokada potwierdzona w tym runie)
  - bike24.fr: pomijam (blokada potwierdzona w tym runie)
  - bike24.fr: pomijam (blokada potwierdzona w tym runie)
  - bike24.be: pomijam (blokada potwierdzona w tym runie)
  - bike24.lu: pomijam (blokada potwierdzona w tym runie)
  - bike24.be: pomijam (blokada potwierdzona w tym runie)
  - bike24.lu: pomijam (blokada potwierdzona w tym runie)
  - bike24.lu: pomijam (blokada potwierdzona w tym runie)
  - bike24.be: pomijam (blokada potwierdzona w tym runie)
  - bike24.fr: pomijam (blokada potwierdzona w tym runie)
  - bike24.fr: pomijam (blokada potwierdzona w tym runie)
  - bike24.be: pomijam (blokada potwierdzona w tym runie)
  - bike24.lu: pomijam (blokada potwierdzona w tym runie)
  - bike24.lu: pomijam (blokada potwierdzona w tym runie)
  - bike24.fr: pomijam (blokada potwierdzona w tym runie)
  - bike24.be: pomijam (blokada potwierdzona w tym runie)
  - bike24.be: pomijam (blokada potwierdzona w tym runie)
  - bike24.be: pomijam (blokada potwierdzona w tym runie)
  - nanobike.de: brak wymaganych slow (right) - pomijam
  - strefasportu.pl: brak danych o cenie (typy na stronie: breadcrumblist, http://schema.org/product, onlinestore, product)
  + rosebikes.it: 287.01 EUR = 1256.39 PLN [EAN OK]
  - meinhartje.com: brak danych o cenie (typy na stronie: brak JSON-LD)
  - cykelpartner.dk: brak wymaganych slow (right) - pomijam
  - performancebike.com: brak danych o cenie (typy na stronie: breadcrumblist)
  - tnc-hamburg.com: brak wymaganych slow (right) - pomijam
  - baldersbychurch.com: HTTP 404
  - bike24.de: pomijam (blokada potwierdzona w tym runie)
  - kleinanzeigen.de: brak danych o cenie (typy na stronie: imageobject, website)
  - kraftfahrrad.de: HTTP 404
  - bike24.de: pomijam (blokada potwierdzona w tym runie)
  - awbike24.pl: brak danych o cenie (typy na stronie: store)
  - bike24.pl: pomijam (blokada potwierdzona w tym runie)
  - cyclesdupont.fr: brak wymaganych slow (force, right) - pomijam
  - rat-bikes.eu: HTTP 403 (przegladarka tez nie przeszla)
  - capsfc.org: HTTP 403 (przegladarka tez nie przeszla)
  - mapquest.com: HTTP 202
  - indeed.com: pomijam (blokada potwierdzona w tym runie)
  - baldersbychurch.com: HTTP 404
  - jmpbteile.de: brak danych o cenie (typy na stronie: brak JSON-LD)
  - mapquest.com: HTTP 202
  - olx.pl: pomijam (blokada potwierdzona w tym runie)
  - bike-rs.pl: brak danych o cenie (typy na stronie: breadcrumblist, http://schema.org/product, onlinestore, product)
  - evolutionbikes.it: niedostepny (outofstock)
  - velofactory.ch: pomijam (blokada potwierdzona w tym runie)
  - bike24.com: pomijam (blokada potwierdzona w tym runie)
  - ridewill.it: brak danych o cenie (typy na stronie: brak JSON-LD)
  - cryptorank.io: brak wymaganych slow (force, right) - pomijam
  - cryptorank.io: brak wymaganych slow (force, right) - pomijam
  - cryptorank.io: brak wymaganych slow (force, right) - pomijam
  - cryptorank.io: brak wymaganych slow (force, right) - pomijam
  - cryptorank.io: brak wymaganych slow (force, right) - pomijam
  - cyclesdupont.fr: brak wymaganych slow (force, right) - pomijam
  - royalvelofrance.fr: brak danych o cenie (typy na stronie: brak JSON-LD)
  - royalvelofrance.fr: brak danych o cenie (typy na stronie: brak JSON-LD)
  - royalvelofrance.fr: brak danych o cenie (typy na stronie: brak JSON-LD)
  - velostation.com: brak wymaganych slow (right) - pomijam
  - indeed.com: pomijam (blokada potwierdzona w tym runie)
  - ms-exclusiv-bikes.de: brak danych o cenie (typy na stronie: localbusiness)
  - antymateria.com: brak wymaganych slow (right) - pomijam
  - bikestacja.pl: brak danych o cenie (typy na stronie: brak JSON-LD)
  - strefasportu.pl: brak danych o cenie (typy na stronie: breadcrumblist, http://schema.org/product, onlinestore, product)
  - tradeinn.com: brak danych o cenie (typy na stronie: faqpage, organization, webpage)
  - cryptorank.io: brak wymaganych slow (force, right) - pomijam
  - cryptorank.io: brak wymaganych slow (force, right) - pomijam
  - tracxn.com: pomijam (blokada potwierdzona w tym runie)
  - bouticycle.com: niedostepny (outofstock)
  - alltricks.fr: brak danych o cenie (typy na stronie: brak JSON-LD)
  - worldwidecyclery.com: waluta USD poza dozwolonym regionem - pomijam
  - worldwidecyclery.com: waluta USD poza dozwolonym regionem - pomijam
  - worldwidecyclery.com: waluta USD poza dozwolonym regionem - pomijam
  - procycle-parts.de: brak danych o cenie (typy na stronie: brak JSON-LD)
  - procycle-parts.de: brak danych o cenie (typy na stronie: brak JSON-LD)
  - procycle-parts.de: brak danych o cenie (typy na stronie: brak JSON-LD)
[MONITOR] X0-CASSETTE: sprawdzam 312 URL-i
  - universalcycles.com: brak wymaganych slow (x0) - pomijam
  - competitivecyclist.com: HTTP 202
  ~ bikebling.com: brak ceny, ale znalazlem 1 link(i) produktowe - sprawdzam
  - thelostco.com: waluta USD poza dozwolonym regionem - pomijam
  + bike-discount.de: 324.99 EUR = 1422.64 PLN [EAN OK]
  - bikko.lv: brak wymaganych slow (x0, cassette) - pomijam
  - biketiresdirect.com: waluta USD poza dozwolonym regionem - pomijam
  - zbozi.cz: brak danych o cenie (typy na stronie: brak JSON-LD)
  - bike24.com: pomijam (blokada potwierdzona w tym runie)
  ~ performancebike.com: brak ceny, ale znalazlem 3 link(i) produktowe - sprawdzam
  - worldwidecyclery.com: waluta USD poza dozwolonym regionem - pomijam
  + alltricks.com: 324.99 EUR = 1422.64 PLN [EAN OK]
  - amazon.com.be: brak danych o cenie (typy na stronie: brak JSON-LD)
  + bike-components.de: 319.0 EUR = 1396.42 PLN [EAN OK]
  - bluewheel.com: waluta USD poza dozwolonym regionem - pomijam
  ~ bikemart.com: brak ceny, ale znalazlem 2 link(i) produktowe - sprawdzam
  - en.wikipedia.org: brak danych o cenie (typy na stronie: article)
  - bikesonline.com: brak danych o cenie (typy na stronie: organization)
  - trekbikes.com: brak danych o cenie (typy na stronie: brak JSON-LD)
  - r2-bike.com: pomijam (blokada potwierdzona w tym runie)
  - thundermountainbikes.com: waluta USD poza dozwolonym regionem - pomijam
  + alltricks.de: 324.99 EUR = 1422.64 PLN [EAN OK]
  + mount7.com: 480.0 EUR = 2101.2 PLN [EAN OK]
  - fanatikbike.com: waluta USD poza dozwolonym regionem - pomijam
  - bikestacja.pl: brak danych o cenie (typy na stronie: brak JSON-LD)
  ! przegladarka: blad (Error) - restart Chromium
  - rei.com: HTTP 403 (przegladarka tez nie przeszla)
  + cozmobike.pl: 1450.0 PLN = 1450.0 PLN [EAN niepotwierdzony]
  - twohoosierscyclery.com: waluta USD poza dozwolonym regionem - pomijam
  - mikesbikes.com: waluta USD poza dozwolonym regionem - pomijam
  - powermetercity.com: pomijam (blokada potwierdzona w tym runie)
  - lordgunbicycles.com: pomijam (blokada potwierdzona w tym runie)
  - pianetamountainbike.it: brak danych o cenie (typy na stronie: newsarticle)
[BROWSER] Start headless Chromium (fallback na blokady botow)
  + bikeuropean.com: blokada ominieta headless Chromium
  - bikeuropean.com: brak wymaganych slow (eagle) - pomijam
  - eriksbikeshop.com: niedostepny (outofstock)
  - upzy.com: brak danych o cenie (typy na stronie: website)
  - 5150bmx.com: brak danych o cenie (typy na stronie: breadcrumblist, organization, website)
  - beta.walmart.com: brak danych o cenie (typy na stronie: webpage)
  - bouldernordic.com: waluta USD poza dozwolonym regionem - pomijam
  - jensonusa.com: pomijam (blokada potwierdzona w tym runie)
  - spokex.com: waluta USD poza dozwolonym regionem - pomijam
  - worldwidecyclery.com: brak danych o cenie (typy na stronie: breadcrumblist, localbusiness, organization)
  - probikesupply.com: waluta USD poza dozwolonym regionem - pomijam
  - lordgun.com: pomijam (blokada potwierdzona w tym runie)
  + mantel.com: 331.72 EUR = 1452.1 PLN [EAN OK]
  + bike-discount.de: 324.99 EUR = 1422.64 PLN [EAN OK]
  - decathlon.it: HTTP 403 (przegladarka tez nie przeszla)
  - bikesportadventure.com: 1205.61 PLN poza widelkami [1300.0..2700.0] - pomijam
  - evolutionbikes.fr: brak wymaganych slow (cassette) - pomijam
  - gambacicli.com: brak wymaganych slow (cassette) - pomijam
  - trainerroad.com: brak danych o cenie (typy na stronie: qapage)
  - vitalmtb.com: brak danych o cenie (typy na stronie: brak JSON-LD)
  + bike-components.de: 319.0 EUR = 1396.42 PLN [EAN OK]
  - raaad.de: brak danych o cenie (typy na stronie: brak JSON-LD)
  - lordgun.de: pomijam (blokada potwierdzona w tym runie)
  + bike-discount.de: 324.99 EUR = 1422.64 PLN [EAN OK]
  - deporvillage.de: pomijam (blokada potwierdzona w tym runie)
  - cyklomania.pl: brak danych o cenie (typy na stronie: brak JSON-LD)
  + kastor-bike.pl: 1536.99 PLN = 1536.99 PLN [EAN OK]
  + centrumrowerowe.pl: 1479.0 PLN = 1479.0 PLN [EAN OK]
  - bikefast.pl: blad pobierania (ConnectTimeout)
  + sanvit.com: 480.0 EUR = 2101.2 PLN [EAN niepotwierdzony]
  - evolutionbikes.it: niedostepny (outofstock)
  - clcbike.com: brak wymaganych slow (eagle, cassette) - pomijam
  + alltricks.it: 324.99 EUR = 1422.64 PLN [EAN OK]
  - probikeshop.it: brak wymaganych slow (x0) - pomijam
  - kupkolo.cz: brak wymaganych slow (cassette) - pomijam
  - cyklozitny.cz: brak danych o cenie (typy na stronie: brak JSON-LD)
  - kazety.heureka.cz: HTTP 403 (przegladarka tez nie przeszla)
  - koloshop.cz: brak wymaganych slow (x0, cassette) - pomijam
  - buycycle.com: niedostepny (soldout)
  - mtbstupak.cz: brak wymaganych slow (cassette) - pomijam
  + alltricks.fr: 324.99 EUR = 1422.64 PLN [EAN OK]
  - probikeshop.fr: brak wymaganych slow (x0) - pomijam
  + velostation.com: 480.0 EUR = 2101.2 PLN [EAN OK]
  - lordgunbicycles.fr: pomijam (blokada potwierdzona w tym runie)
  + culturevelo.com: 480.0 EUR = 2101.2 PLN [EAN OK]
  - cycles-zanet.com: niedostepny (backorder)
  + bike-components.de: 319.0 EUR = 1396.42 PLN [EAN OK]
  + hispanoracing.com: 336.0 EUR = 1470.84 PLN [EAN niepotwierdzony]
  - rosebikes.es: niedostepny (preorder)
  - idealo.es: pomijam (blokada potwierdzona w tym runie)
  + alltricks.es: 324.99 EUR = 1422.64 PLN [EAN OK]
  - lordgunbicycles.es: pomijam (blokada potwierdzona w tym runie)
  - ebike24.es: brak wymaganych slow (x0) - pomijam
  - fabreguesbicicletas.com: pomijam (blokada potwierdzona w tym runie)
  - rosebikes.nl: niedostepny (preorder)
  + alltricks.nl: 324.99 EUR = 1422.64 PLN [EAN OK]
  + mantel.com: 329.0 EUR = 1440.2 PLN [EAN OK]
  - canyon.com: brak wymaganych slow (eagle) - pomijam
  - rullensfietsen.nl: niedostepny (backorder)
  - bike24.be: pomijam (blokada potwierdzona w tym runie)
  - bike24.nl: pomijam (blokada potwierdzona w tym runie)
  - bike24.com: pomijam (blokada potwierdzona w tym runie)
  - bike24.pl: pomijam (blokada potwierdzona w tym runie)
  - bike24.fi: HTTP 403 (przegladarka tez nie przeszla)
  - bike24.fr: pomijam (blokada potwierdzona w tym runie)
  - bike24.be: pomijam (blokada potwierdzona w tym runie)
  - bike24.es: pomijam (blokada potwierdzona w tym runie)
  - bike24.lu: pomijam (blokada potwierdzona w tym runie)
  - bike24.fr: pomijam (blokada potwierdzona w tym runie)
  - northwestbicycle.com: waluta USD poza dozwolonym regionem - pomijam
  - merlincycles.com: brak danych o cenie (typy na stronie: brak JSON-LD)
  - vitalmtb.com: brak danych o cenie (typy na stronie: brak JSON-LD)
  - vitalmtb.com: brak danych o cenie (typy na stronie: brak JSON-LD)
  - canyon.com: brak wymaganych slow (eagle) - pomijam
  - canyon.com: brak wymaganych slow (eagle) - pomijam
  - usedbikes-ob.de: HTTP 404
  - probikeshop.de: HTTP 404
  + premium-bikeshop.de: 439.0 EUR = 1921.72 PLN [EAN OK]
  - bikeimport.ch: brak wymaganych slow (x0) - pomijam
  + cozmobike.pl: 1450.0 PLN = 1450.0 PLN [EAN niepotwierdzony]
  - power-bikes.pl: HTTP 403 (przegladarka tez nie przeszla)
  - lvr-cycles.com: pomijam (blokada potwierdzona w tym runie)
  - evolutionbikes.it: brak wymaganych slow (cassette) - pomijam
  - clcbike.com: brak wymaganych slow (cassette) - pomijam
  - spectrumbike.cz: brak wymaganych slow (cassette) - pomijam
  - kupkolo.cz: brak wymaganych slow (cassette) - pomijam
  - kazety.heureka.cz: pomijam (blokada potwierdzona w tym runie)
  - kolokram.cz: brak wymaganych slow (cassette) - pomijam
  - mojekolo.cz: brak wymaganych slow (x0, cassette) - pomijam
  - mountainbike-parts.ch: brak danych o cenie (typy na stronie: breadcrumblist, website)
  - idealo.fr: pomijam (blokada potwierdzona w tym runie)
  - all4cycling.com: niedostepny (outofstock)
  - fabreguesbicicletas.com: pomijam (blokada potwierdzona w tym runie)
  - mytopbike.com: niedostepny (outofstock)
  - grintacycling.nl: brak wymaganych slow (cassette) - pomijam
  - shop.bikenation.nl: brak wymaganych slow (cassette) - pomijam
  + bike-components.de: 319.0 EUR = 1396.42 PLN [EAN OK]
  - lisalolasanchez.com: brak danych o cenie (typy na stronie: person, website)
  + bike-components.de: 319.0 EUR = 1396.42 PLN [EAN OK]
  - merlincycles.com: brak danych o cenie (typy na stronie: brak JSON-LD)
  + tnc-hamburg.com: 346.9 EUR = 1518.55 PLN [EAN OK]
  + cozmobike.pl: 1824.0 PLN = 1824.0 PLN [EAN niepotwierdzony]
  - goride.pl: brak danych o cenie (typy na stronie: store)
  - zumbistore.pl: HTTP 503 (przegladarka tez nie przeszla)
  + 2wheels.pl: 1959.0 PLN = 1959.0 PLN [EAN OK]
  - bikestacja.pl: niedostepny (outofstock)
  - deporvillage.pl: HTTP 403 (przegladarka tez nie przeszla)
  - cingolanibikeshop.com: brak wymaganych slow (x0) - pomijam
  - evolutionbikes.it: brak wymaganych slow (cassette) - pomijam
  - probikeshop.it: brak wymaganych slow (cassette) - pomijam
  - all4cycling.com: niedostepny (outofstock)
  - gambacicli.fr: pomijam (blokada potwierdzona w tym runie)
  - mantel.com: brak wymaganych slow (cassette) - pomijam
  - fiets.nl: HTTP 405
  - maklinbikeshop.com: brak danych o cenie (typy na stronie: breadcrumblist, product)
  - bike24.com: pomijam (blokada potwierdzona w tym runie)
  + mtbiker.de: blokada ominieta headless Chromium
  - mtbiker.de: brak wymaganych slow (cassette) - pomijam
  - all4cycling.com: niedostepny (outofstock)
  - lvr-cycles.com: pomijam (blokada potwierdzona w tym runie)
  - koloshop24.de: brak wymaganych slow (cassette) - pomijam
  - bike24.com: pomijam (blokada potwierdzona w tym runie)
  - cyklomania.pl: brak danych o cenie (typy na stronie: brak JSON-LD)
  - mtbiker.pl: pomijam (blokada potwierdzona w tym runie)
  - bike24.it: pomijam (blokada potwierdzona w tym runie)
  - all4cycling.com: niedostepny (outofstock)
  - bikedirection.com: brak danych o cenie (typy na stronie: brak JSON-LD)
  + barrosbike.it: 430.0 EUR = 1882.33 PLN [EAN niepotwierdzony]
  - retezy.heureka.cz: HTTP 403 (przegladarka tez nie przeszla)
  - koloshop.cz: brak wymaganych slow (cassette) - pomijam
  - kompletni-sady.heureka.cz: pomijam (blokada potwierdzona w tym runie)
  - bikeoutlet.cz: brak danych o cenie (typy na stronie: brak JSON-LD)
  - probikeshop.fr: brak wymaganych slow (cassette) - pomijam
  - purebike.fr: brak wymaganych slow (cassette) - pomijam
  - funsportscycles.com: brak wymaganych slow (cassette) - pomijam
  - kbike.es: HTTP 403 (przegladarka tez nie przeszla)
  - esmtb.com: brak danych o cenie (typy na stronie: article, breadcrumblist, imageobject, organization, person, webpage, website)
  - all4cycling.com: niedostepny (outofstock)
  - alltricks.nl: brak wymaganych slow (cassette) - pomijam
  - rat-bikes.com: pomijam (blokada potwierdzona w tym runie)
  - twohoosierscyclery.com: brak wymaganych slow (eagle, cassette) - pomijam
  - universalcycles.com: brak wymaganych slow (cassette) - pomijam
  - thelostco.com: brak wymaganych slow (cassette) - pomijam
  - performancebike.com: brak wymaganych slow (x0) - pomijam
  - ridewill.com: brak danych o cenie (typy na stronie: brak JSON-LD)
  - kleinanzeigen.de: brak danych o cenie (typy na stronie: imageobject, website)
  - alfashirt.com: HTTP 404
  - kazety.heureka.cz: pomijam (blokada potwierdzona w tym runie)
  - powermetercity.com: pomijam (blokada potwierdzona w tym runie)
  + bike-components.de: 319.0 EUR = 1396.42 PLN [EAN OK]
  + thebikevillage.com: 357.02 EUR = 1562.86 PLN [EAN OK]
  - calapes.com: brak wymaganych slow (cassette) - pomijam
  - pedalmoto.com: brak wymaganych slow (eagle) - pomijam
  - r2-bike.com: pomijam (blokada potwierdzona w tym runie)
  - power-bikes.pl: pomijam (blokada potwierdzona w tym runie)
  - bikester.nl: brak wymaganych slow (x0, eagle) - pomijam
  - probikeshop-nl.com: brak wymaganych slow (x0) - pomijam
  + wheelproject.com: 410.0 EUR = 1794.78 PLN [EAN OK]
  - centrumrowerowe.pl: brak wymaganych slow (x0) - pomijam
  - gambacicli.com: brak wymaganych slow (cassette) - pomijam
  + mtbiker.cz: blokada ominieta headless Chromium
  - mtbiker.cz: brak wymaganych slow (cassette) - pomijam
  - krabcycles.cz: brak wymaganych slow (cassette) - pomijam
  - idealo.es: pomijam (blokada potwierdzona w tym runie)
  - bicispasaje.es: HTTP 403 (przegladarka tez nie przeszla)
  + 2wheels.pl: 1959.0 PLN = 1959.0 PLN [EAN OK]
  + evelostore.com: 349.9 EUR = 1531.69 PLN [EAN OK]
  + centrumrowerowe.pl: 1479.0 PLN = 1479.0 PLN [EAN OK]
  - centrumrowerowe.pl: brak wymaganych slow (cassette) - pomijam
  - mtbiker.pl: pomijam (blokada potwierdzona w tym runie)
  - deuxrouespidlabouette.com: brak danych o cenie (typy na stronie: brak JSON-LD)
  - biciescapa.com: brak wymaganych slow (cassette) - pomijam
  - mammothbikes.com: niedostepny (outofstock)
  - sunandski.com: HTTP 404
  - rei.com: pomijam (blokada potwierdzona w tym runie)
  - sigmasports.com: brak danych o cenie (typy na stronie: breadcrumblist, collectionpage)
  - zbozi.cz: brak danych o cenie (typy na stronie: brak JSON-LD)
  - pedaldrivenco.com: niedostepny (outofstock)
  - rosebikes.pl: niedostepny (preorder)
  - canyon.com: brak wymaganych slow (eagle) - pomijam
  - pepebike.cz: brak wymaganych slow (cassette) - pomijam
  - kazety.heureka.cz: pomijam (blokada potwierdzona w tym runie)
  + rotoruabike.fr: 402.1 EUR = 1760.19 PLN [EAN niepotwierdzony]
  - ebike24.fr: brak wymaganych slow (x0) - pomijam
  - maciag-offroad.fr: brak wymaganych slow (x0) - pomijam
  - hb61bikes.com: HTTP 403 (przegladarka tez nie przeszla)
  - deporvillage.nl: HTTP 403 (przegladarka tez nie przeszla)
  - velo-store.nl: brak wymaganych slow (cassette) - pomijam
  - quantavici.com: HTTP 404
  - airparkbikeco.com: waluta USD poza dozwolonym regionem - pomijam
  - racktrendz.com: waluta CAD poza dozwolonym regionem - pomijam
  - rennrad-news.de: pomijam (blokada potwierdzona w tym runie)
  - power-bikes.pl: pomijam (blokada potwierdzona w tym runie)
  - 4actionsport.it: brak danych o cenie (typy na stronie: article, breadcrumblist, imageobject, organization, person, webpage, website)
  - idealo.fr: pomijam (blokada potwierdzona w tym runie)
  - centrumrowerowe.pl: brak wymaganych slow (x0) - pomijam
  - retezy.heureka.cz: pomijam (blokada potwierdzona w tym runie)
  - 123kolo.cz: brak wymaganych slow (cassette) - pomijam
  - cicloscabello.com: brak wymaganych slow (cassette) - pomijam
  + rowerowaholandia.pl: 1707.99 PLN = 1707.99 PLN [EAN OK]
  - kastor-bike.pl: brak danych o cenie (typy na stronie: brak JSON-LD)
  - rowertour.com: brak wymaganych slow (cassette) - pomijam
  - savoldellibike.com: brak danych o cenie (typy na stronie: organization, website)
  - alltricks.it: brak wymaganych slow (x0) - pomijam
  - akumo.cz: brak danych o cenie (typy na stronie: breadcrumblist)
  - pedalmoto.com: brak wymaganych slow (cassette) - pomijam
  - mantel.com: brak wymaganych slow (cassette) - pomijam
  - velofactory.ch: pomijam (blokada potwierdzona w tym runie)
  + stashcycles.com: blokada ominieta headless Chromium
  - stashcycles.com: brak wymaganych slow (cassette) - pomijam
  - mtbcult.it: brak danych o cenie (typy na stronie: breadcrumblist, imageobject, newsarticle, organization, person, videoobject, webpage, website)
  + rowertour.com: 1479.16 PLN = 1479.16 PLN [EAN OK]
  - mammothbikes.com: brak wymaganych slow (cassette) - pomijam
  - mtbiker.pl: pomijam (blokada potwierdzona w tym runie)
  + mtbiker.si: blokada ominieta headless Chromium
  - mtbiker.si: brak wymaganych slow (x0) - pomijam
  - rowertour.com: brak wymaganych slow (x0) - pomijam
  - rowertour.com: brak wymaganych slow (x0) - pomijam
  - mammothbikes.com: brak wymaganych slow (cassette) - pomijam
  - bike24.pl: pomijam (blokada potwierdzona w tym runie)
  - kleinanzeigen.de: brak danych o cenie (typy na stronie: imageobject, website)
  - kleinanzeigen.de: brak danych o cenie (typy na stronie: imageobject, website)
  - thelostco.com: brak wymaganych slow (cassette) - pomijam
  - bike24.at: pomijam (blokada potwierdzona w tym runie)
  - bike24.de: pomijam (blokada potwierdzona w tym runie)
  - bike24.de: pomijam (blokada potwierdzona w tym runie)
  - bike24.be: pomijam (blokada potwierdzona w tym runie)
  - bike24.fi: pomijam (blokada potwierdzona w tym runie)
  - pienarbikeshop.com: HTTP 403 (przegladarka tez nie przeszla)
  - rowertour.com: brak wymaganych slow (cassette) - pomijam
  - chapter-2-cycle.myshopify.com: brak wymaganych slow (cassette) - pomijam
  - planetcyclery.com: brak wymaganych slow (cassette) - pomijam
  - performancebike.com: brak wymaganych slow (cassette) - pomijam
  - zonacycles.com: HTTP 403 (przegladarka tez nie przeszla)
  - trainerroad.com: brak danych o cenie (typy na stronie: qapage)
  - rennrad-news.de: pomijam (blokada potwierdzona w tym runie)
  + wysepka.pl: 1499.99 PLN = 1499.99 PLN [EAN OK]
  - bikecomponents-us.com: niedostepny (outofstock)
  - trekbikes.com: brak danych o cenie (typy na stronie: brak JSON-LD)
  - bike24.com: pomijam (blokada potwierdzona w tym runie)
  - rei.com: pomijam (blokada potwierdzona w tym runie)
  - fanatikbike.com: brak wymaganych slow (cassette) - pomijam
  - thelostco.com: brak wymaganych slow (cassette) - pomijam
  - cahabacycles.com: waluta USD poza dozwolonym regionem - pomijam
  - thelostco.com: brak wymaganych slow (cassette) - pomijam
  - prodieselparts.com: HTTP 404
  - dieguteseiteberlin.de: HTTP 404
  - ridewill.com: HTTP 404
  - thelostco.com: brak wymaganych slow (cassette) - pomijam
  - community.mtb-mag.com: HTTP 403 (przegladarka tez nie przeszla)
  - ebike24.com: brak wymaganych slow (x0) - pomijam
  - cbinsights.com: brak danych o cenie (typy na stronie: breadcrumblist, corporation, faqpage, profilepage)
  - mapquest.com: HTTP 202
  - mapquest.com: HTTP 202
  - cbinsights.com: brak danych o cenie (typy na stronie: breadcrumblist, corporation, faqpage, profilepage)
  - bike24.lu: pomijam (blokada potwierdzona w tym runie)
  - bike24.de: pomijam (blokada potwierdzona w tym runie)
  - bike24.at: pomijam (blokada potwierdzona w tym runie)
  - bike24.de: pomijam (blokada potwierdzona w tym runie)
  + bike-components.de: 319.0 EUR = 1396.42 PLN [EAN OK]
  - bike-discount.de: HTTP 404
  - kleinanzeigen.de: brak danych o cenie (typy na stronie: imageobject, website)
  - kleinanzeigen.de: brak danych o cenie (typy na stronie: imageobject, website)
  - kleinanzeigen.de: brak danych o cenie (typy na stronie: imageobject, website)
  - bike-components.de: brak wymaganych slow (x0) - pomijam
  - mapquest.com: HTTP 202
  - centrumrowerowe.pl: brak wymaganych slow (x0) - pomijam
  - bike24.it: pomijam (blokada potwierdzona w tym runie)
  - bike24.it: pomijam (blokada potwierdzona w tym runie)
  - bike24.it: pomijam (blokada potwierdzona w tym runie)
  - maciag-offroad.it: brak danych o cenie (typy na stronie: breadcrumblist, product)
  + mtbiker.it: blokada ominieta headless Chromium
  - mtbiker.it: brak wymaganych slow (x0) - pomijam
  - leagueoutfitters.com: brak wymaganych slow (cassette) - pomijam
  - grillobike.com: brak wymaganych slow (x0, eagle, cassette) - pomijam
  - spotbikes.com: brak wymaganych slow (eagle) - pomijam
  - crunchbase.com: HTTP 403 (przegladarka tez nie przeszla)
  + bike-mailorder.com: 339.9 EUR = 1487.91 PLN [EAN OK]
  - bike24.de: pomijam (blokada potwierdzona w tym runie)
  - bike24.de: pomijam (blokada potwierdzona w tym runie)
  - bike24.de: pomijam (blokada potwierdzona w tym runie)
  - maciag-offroad.de: brak danych o cenie (typy na stronie: breadcrumblist, product)
  - bike-components.de: brak wymaganych slow (x0) - pomijam
  - rvebike.com: waluta USD poza dozwolonym regionem - pomijam
  - bikeexchange.com: brak danych o cenie (typy na stronie: brak JSON-LD)
  + cozmobike.pl: 1824.0 PLN = 1824.0 PLN [EAN niepotwierdzony]
  - bikebling.com: brak danych o cenie (typy na stronie: brak JSON-LD)
  - performancebike.com: brak wymaganych slow (x0) - pomijam
  - performancebike.com: niedostepny (outofstock)
  - performancebike.com: brak danych o cenie (typy na stronie: brak JSON-LD)
  - bikemart.com: waluta USD poza dozwolonym regionem - pomijam
  - bikemart.com: brak wymaganych slow (cassette) - pomijam
[MONITOR] GX-DERAILLEUR: sprawdzam 407 URL-i
  - benscycle.com: brak wymaganych slow (transmission) - pomijam
  - r2-bike.com: pomijam (blokada potwierdzona w tym runie)
  - worldwidecyclery.com: brak wymaganych slow (transmission) - pomijam
  - ratscycles.com: blad pobierania (SSLError)
  - redrockbicycle.com: brak wymaganych slow (transmission) - pomijam
  - universalcycles.com: brak wymaganych slow (transmission) - pomijam
  - maciag-offroad.com: brak wymaganych slow (transmission) - pomijam
  - landrys.com: brak wymaganych slow (transmission) - pomijam
  - ibksport.com: HTTP 404
  - treefortbikes.com: brak wymaganych slow (transmission) - pomijam
  - excelsports.com: brak wymaganych slow (transmission) - pomijam
  - bike24.com: pomijam (blokada potwierdzona w tym runie)
  - canadabicycleparts.com: HTTP 403 (przegladarka tez nie przeszla)
  - marbleheadcycle.com: brak wymaganych slow (transmission) - pomijam
  - fanatikbike.com: waluta USD poza dozwolonym regionem - pomijam
  - twohoosierscyclery.com: brak wymaganych slow (transmission) - pomijam
  - thundermountainbikes.com: waluta USD poza dozwolonym regionem - pomijam
  - bikeperfect.com: brak danych o cenie (typy na stronie: article, breadcrumblist, imageobject, itemlist, sitenavigationelement, webpage)
  - thelostco.com: brak wymaganych slow (transmission) - pomijam
  - bike24.de: pomijam (blokada potwierdzona w tym runie)
  ~ tnc-hamburg.com: brak ceny, ale znalazlem 3 link(i) produktowe - sprawdzam
  - racycles.com: brak wymaganych slow (transmission, derailleur) - pomijam
  - bike-mailorder.com: brak wymaganych slow (transmission) - pomijam
  - trailforks.com: brak danych o cenie (typy na stronie: videoobject)
  + centrumrowerowe.pl: 1569.0 PLN = 1569.0 PLN [EAN OK]
  - bikefast.pl: blad pobierania (ConnectTimeout)
  - forumrowerowe.org: brak danych o cenie (typy na stronie: breadcrumblist, discussionforumposting, organization, website)
  - bikestacja.pl: brak wymaganych slow (transmission) - pomijam
  ~ rowerowy.com: brak ceny, ale znalazlem 3 link(i) produktowe - sprawdzam
  - bike24.pl: pomijam (blokada potwierdzona w tym runie)
  - rowertour.com: brak wymaganych slow (transmission) - pomijam
  - piwnicarowerowa.pl: brak wymaganych slow (transmission) - pomijam
  - bike24.pl: pomijam (blokada potwierdzona w tym runie)
  - 2wheels.pl: brak danych o cenie (typy na stronie: organization, website)
  - thokbikes.com: HTTP 404
  - bike24.it: pomijam (blokada potwierdzona w tym runie)
  - buycycle.com: brak wymaganych slow (transmission) - pomijam
  - en.wikipedia.org: brak danych o cenie (typy na stronie: article)
  - bikemart.com: brak danych o cenie (typy na stronie: organization)
  - theproscloset.com: brak danych o cenie (typy na stronie: bikestore, breadcrumblist, webpage)
  - bikesonline.com: brak danych o cenie (typy na stronie: organization)
  - bike24.de: pomijam (blokada potwierdzona w tym runie)
  - bike24.lu: pomijam (blokada potwierdzona w tym runie)
  - bike24.at: pomijam (blokada potwierdzona w tym runie)
  - bike24.de: pomijam (blokada potwierdzona w tym runie)
  - bike24.at: pomijam (blokada potwierdzona w tym runie)
  - bike24.de: pomijam (blokada potwierdzona w tym runie)
  - bike-components.de: 1313.21 PLN poza widelkami [1400.0..2700.0] - pomijam
  - bike24.de: pomijam (blokada potwierdzona w tym runie)
  - bike24.at: pomijam (blokada potwierdzona w tym runie)
  - bike24.lu: pomijam (blokada potwierdzona w tym runie)
  - bike24.de: pomijam (blokada potwierdzona w tym runie)
  - bike24.at: pomijam (blokada potwierdzona w tym runie)
  - bike24.lu: pomijam (blokada potwierdzona w tym runie)
  - bike-components.de: brak wymaganych slow (gx) - pomijam
  - bike-components.de: niedostepny (outofstock)
  - bike-components.de: brak wymaganych slow (gx) - pomijam
  - kleinanzeigen.de: brak danych o cenie (typy na stronie: imageobject, website)
  - bike-components.de: brak wymaganych slow (transmission) - pomijam
  - bike-components.de: brak wymaganych slow (gx) - pomijam
  - bike-components.de: brak wymaganych slow (gx) - pomijam
  - super-bike.pl: HTTP 404
  - goride.pl: brak danych o cenie (typy na stronie: store)
  - probikeshop.it: brak wymaganych slow (transmission) - pomijam
  - bike24.it: pomijam (blokada potwierdzona w tym runie)
  - alltricks.it: brak wymaganych slow (transmission) - pomijam
  - bike-prof.de: brak danych o cenie (typy na stronie: brak JSON-LD)
  - sportokay.com: niedostepny (outofstock)
  - bike-discount.de: 1313.21 PLN poza widelkami [1400.0..2700.0] - pomijam
  - bike-components.de: brak wymaganych slow (transmission) - pomijam
  - actionsports.de: brak wymaganych slow (transmission) - pomijam
  + fahrrad.de: 389.99 EUR = 1707.18 PLN [EAN OK]
  - r2-bike.com: pomijam (blokada potwierdzona w tym runie)
  - katalog.pbspolska.eu: brak danych o cenie (typy na stronie: brak JSON-LD)
  - premiumlux.pl: brak danych o cenie (typy na stronie: brak JSON-LD)
  - bemko.pl: brak danych o cenie (typy na stronie: brak JSON-LD)
  - e-domus.com.pl: brak wymaganych slow (gx, transmission, derailleur) - pomijam
  - pancernik.eu: brak danych o cenie (typy na stronie: brak JSON-LD)
  - magboss.pl: brak wymaganych slow (gx, transmission, derailleur) - pomijam
  - 3mk.pl: brak wymaganych slow (gx, transmission, derailleur) - pomijam
  - morele.net: brak wymaganych slow (gx, transmission, derailleur) - pomijam
  + rosebikes.it: 353.65 EUR = 1548.1 PLN [EAN OK]
  - bike24.it: pomijam (blokada potwierdzona w tym runie)
  - alltricks.it: brak danych o cenie (typy na stronie: collectionpage)
  - buycycle.com: brak wymaganych slow (transmission, derailleur) - pomijam
  - rossi-print.it: brak danych o cenie (typy na stronie: brak JSON-LD)
  - ebikestore.shop: brak danych o cenie (typy na stronie: brak JSON-LD)
  - kupkolo.cz: brak wymaganych slow (derailleur) - pomijam
  - hupnakolo.cz: brak wymaganych slow (derailleur) - pomijam
  - koloshop.cz: brak danych o cenie (typy na stronie: breadcrumblist, collectionpage, itemlist)
  - mtbiker.cz: blokada botow (przegladarka tez nie przeszla)
  - bike-discount.de: 1313.21 PLN poza widelkami [1400.0..2700.0] - pomijam
  - bikegallery.cz: brak danych o cenie (typy na stronie: brak JSON-LD)
  - cyklozitny.cz: brak danych o cenie (typy na stronie: brak JSON-LD)
  - bike24.fr: pomijam (blokada potwierdzona w tym runie)
  - maciag-offroad.fr: brak wymaganych slow (transmission) - pomijam
  - hb61bikes.com: pomijam (blokada potwierdzona w tym runie)
  - fsbike.es: brak wymaganych slow (transmission, derailleur) - pomijam
  - megabici.com: HTTP 403 (przegladarka tez nie przeszla)
  - thebikevillage.com: brak wymaganych slow (transmission, derailleur) - pomijam
  - ibksport.com: HTTP 404
  + rosebikes.nl: 350.8 EUR = 1535.63 PLN [EAN OK]
  - rat-bikes.eu: pomijam (blokada potwierdzona w tym runie)
  - deltabikes.nl: brak wymaganych slow (transmission) - pomijam
  - sportokay.com: niedostepny (outofstock)
  - mantel.com: brak wymaganych slow (transmission) - pomijam
  - velonova.lt: pomijam (blokada potwierdzona w tym runie)
  - bike24.nl: pomijam (blokada potwierdzona w tym runie)
  - truebicycles.com: brak wymaganych slow (transmission, derailleur) - pomijam
  - 2peaksbikes.com: HTTP 404
  - yawpcyclery.com: brak wymaganych slow (transmission) - pomijam
  - bike-components.de: 1313.21 PLN poza widelkami [1400.0..2700.0] - pomijam
  - merlincycles.com: brak danych o cenie (typy na stronie: brak JSON-LD)
  - mikesbikes.com: brak wymaganych slow (transmission) - pomijam
  - velofactory.ch: pomijam (blokada potwierdzona w tym runie)
  - airbike.pl: brak danych o cenie (typy na stronie: breadcrumblist, http://schema.org/product, onlinestore, product)
  - bikestacja.pl: brak wymaganych slow (transmission) - pomijam
  - bike24.pl: pomijam (blokada potwierdzona w tym runie)
  - centrumrowerowe.pl: brak wymaganych slow (derailleur) - pomijam
  + rosebikes.pl: 344.95 EUR = 1510.02 PLN [EAN OK]
  - all4cycling.com: brak wymaganych slow (transmission) - pomijam
  - mondobicistore.com: brak wymaganych slow (transmission, derailleur) - pomijam
  - fitness-zone.cz: 542.51 PLN poza widelkami [1400.0..2700.0] - pomijam
  - krabcycles.cz: brak wymaganych slow (transmission, derailleur) - pomijam
  - prehazovacky.heureka.cz: HTTP 403 (przegladarka tez nie przeszla)
  - kolokram.cz: brak wymaganych slow (derailleur) - pomijam
  - alltricks.fr: brak wymaganych slow (transmission) - pomijam
  - idealo.fr: pomijam (blokada potwierdzona w tym runie)
  - purebike.fr: brak wymaganych slow (transmission) - pomijam
  - revedevelo.com: brak wymaganych slow (transmission) - pomijam
  - rczbikeshop.com: brak wymaganych slow (transmission) - pomijam
  - idealo.es: pomijam (blokada potwierdzona w tym runie)
  - racycles.com: brak wymaganych slow (transmission) - pomijam
  - cyclosphere.com: brak wymaganych slow (transmission) - pomijam
  - thundermountainbikes.com: brak wymaganych slow (derailleur) - pomijam
  - emilebicyclettes.com: HTTP 404
  - rei.com: pomijam (blokada potwierdzona w tym runie)
  - bikebug.com: brak wymaganych slow (transmission) - pomijam
  - jensonusa.com: pomijam (blokada potwierdzona w tym runie)
  - spokex.com: brak wymaganych slow (transmission) - pomijam
  - competitivecyclist.com: HTTP 202
  - r2-bike.com: pomijam (blokada potwierdzona w tym runie)
  - hibike.com: HTTP 403 (przegladarka tez nie przeszla)
  - bikehouse24.de: brak danych o cenie (typy na stronie: blogposting, breadcrumblist)
  - bike-test.com: brak danych o cenie (typy na stronie: article, imageobject, organization, person, webpage, website)
  - veloabike.pl: brak danych o cenie (typy na stronie: breadcrumblist, http://schema.org/product, onlinestore, product)
  - kastor-bike.pl: brak wymaganych slow (derailleur) - pomijam
  - bike24.pl: pomijam (blokada potwierdzona w tym runie)
  - 2wheels.pl: brak danych o cenie (typy na stronie: organization, website)
  - power-bikes.pl: pomijam (blokada potwierdzona w tym runie)
  - gambacicli.com: brak wymaganych slow (transmission, derailleur) - pomijam
  - alltricks.it: brak wymaganych slow (transmission, derailleur) - pomijam
  - ciclobottegabikeshop.com: brak wymaganych slow (derailleur) - pomijam
  - roadbikeshop.cz: brak wymaganych slow (derailleur) - pomijam
  - koloshop.cz: brak wymaganych slow (derailleur) - pomijam
  - zbozi.cz: brak danych o cenie (typy na stronie: brak JSON-LD)
  - flybike.cz: brak wymaganych slow (derailleur) - pomijam
  - idealo.fr: pomijam (blokada potwierdzona w tym runie)
  - bike24.fr: pomijam (blokada potwierdzona w tym runie)
  - buycycle.com: 1094.38 PLN poza widelkami [1400.0..2700.0] - pomijam
  + fullattack.cc: blokada ominieta headless Chromium
  - fullattack.cc: brak danych o cenie (typy na stronie: article, breadcrumblist, imageobject, person, webpage, website)
  - bike-mailorder.com: brak wymaganych slow (transmission) - pomijam
  - alltricks.fr: brak wymaganych slow (transmission, derailleur) - pomijam
  - bike-components.de: 1313.21 PLN poza widelkami [1400.0..2700.0] - pomijam
  - idealo.es: pomijam (blokada potwierdzona w tym runie)
  - alltricks.es: brak wymaganych slow (transmission, derailleur) - pomijam
  - hispanoracing.com: brak wymaganych slow (transmission, derailleur) - pomijam
  - bike-mailorder.com: brak wymaganych slow (transmission) - pomijam
  - bike24.nl: pomijam (blokada potwierdzona w tym runie)
  - vanbon-sport.nl: brak danych o cenie (typy na stronie: brak JSON-LD)
  - woest-sport.nl: brak wymaganych slow (transmission) - pomijam
  - fiets.nl: HTTP 405
  - jensonusa.com: pomijam (blokada potwierdzona w tym runie)
  + centrumrowerowe.pl: 1569.0 PLN = 1569.0 PLN [EAN OK]
  - super-bike.pl: HTTP 404
  - rowertour.com: brak danych o cenie (typy na stronie: breadcrumblist, itemlist, webpage)
  - centrumrowerowe.pl: brak wymaganych slow (gx) - pomijam
  - velo-store.pl: brak wymaganych slow (transmission) - pomijam
  - forumrowerowe.org: brak danych o cenie (typy na stronie: breadcrumblist, discussionforumposting, organization, website)
  - kastor-bike.pl: brak wymaganych slow (gx) - pomijam
  - rowertour.com: brak wymaganych slow (derailleur) - pomijam
  - bikestacja.pl: brak danych o cenie (typy na stronie: brak JSON-LD)
  - deporvillage.pl: pomijam (blokada potwierdzona w tym runie)
  - koloshop.pl: brak danych o cenie (typy na stronie: breadcrumblist, collectionpage, itemlist)
  + kastor-bike.pl: 1585.99 PLN = 1585.99 PLN [EAN OK]
  - rowerowy.com: brak danych o cenie (typy na stronie: brak JSON-LD)
  - deporvillage.pl: pomijam (blokada potwierdzona w tym runie)
  - thokbikes.com: HTTP 404
  - bike-discount.de: 1313.21 PLN poza widelkami [1400.0..2700.0] - pomijam
  - sportokay.com: niedostepny (outofstock)
  - bike-discount.de: HTTP 404
  - ebikestore.shop: brak wymaganych slow (transmission) - pomijam
  - mantel.com: brak wymaganych slow (transmission) - pomijam
  - ridewill.it: brak danych o cenie (typy na stronie: brak JSON-LD)
  - bike-discount.de: HTTP 404
  - sardicicli.com: HTTP 403 (przegladarka tez nie przeszla)
  - ebike-mag.com: HTTP 403 (przegladarka tez nie przeszla)
  - velofactory.ch: pomijam (blokada potwierdzona w tym runie)
  - mtbcult.it: brak danych o cenie (typy na stronie: breadcrumblist, imageobject, newsarticle, organization, person, videoobject, webpage, website)
  - sportano.it: brak wymaganych slow (transmission) - pomijam
  - alltricks.it: brak wymaganych slow (transmission) - pomijam
  - sportler.com: HTTP 403 (przegladarka tez nie przeszla)
  - bike24.it: pomijam (blokada potwierdzona w tym runie)
  - mtbcult.it: brak danych o cenie (typy na stronie: breadcrumblist, imageobject, newsarticle, organization, person, videoobject, webpage, website)
  - ebike-mag.com: pomijam (blokada potwierdzona w tym runie)
  - radversender.de: brak danych o cenie (typy na stronie: brak JSON-LD)
  - bike24.it: pomijam (blokada potwierdzona w tym runie)
  - nencinisport.it: pomijam (blokada potwierdzona w tym runie)
  - bike-components.de: brak wymaganych slow (transmission) - pomijam
  - vidal.fr: brak danych o cenie (typy na stronie: drug)
  - dispano.fr: HTTP 403 (przegladarka tez nie przeszla)
  - secomp.fr: brak danych o cenie (typy na stronie: brak JSON-LD)
  - blanc-habitat.com: brak wymaganych slow (gx, transmission, derailleur) - pomijam
  - fnac.com: pomijam (blokada potwierdzona w tym runie)
  - yesss-fr.com: brak danych o cenie (typy na stronie: brak JSON-LD)
  - carrefour.fr: HTTP 403 (przegladarka tez nie przeszla)
  - bureau-vallee.fr: brak wymaganych slow (gx, transmission, derailleur) - pomijam
  - weldom.fr: HTTP 403 (przegladarka tez nie przeszla)
  - 123comparer.fr: brak danych o cenie (typy na stronie: breadcrumblist)
  - sportokay.com: niedostepny (outofstock)
  - bike24.es: pomijam (blokada potwierdzona w tym runie)
  - ebike24.es: brak wymaganych slow (transmission, derailleur) - pomijam
  - alltricks.es: brak danych o cenie (typy na stronie: collectionpage)
  - alberabike.fr: brak wymaganych slow (transmission) - pomijam
  - bike-components.de: brak wymaganych slow (transmission, derailleur) - pomijam
  - mantel.com: brak wymaganych slow (transmission) - pomijam
  - productvraag.nl: brak wymaganych slow (transmission) - pomijam
  - redrockbicycle.com: brak wymaganych slow (transmission) - pomijam
  - booniesbikes.com: brak wymaganych slow (transmission) - pomijam
  - ofbike.cz: 122.63 PLN poza widelkami [1400.0..2700.0] - pomijam
  - vojomag.com: brak danych o cenie (typy na stronie: article, breadcrumblist, imageobject, organization, person, webpage, website)
  - probikeshop.fr: brak wymaganych slow (transmission, derailleur) - pomijam
  - bike24.com: pomijam (blokada potwierdzona w tym runie)
  - vojomag.nl: brak danych o cenie (typy na stronie: article, breadcrumblist, imageobject, organization, person, webpage, website)
  - mikesbikes.com: brak wymaganych slow (derailleur) - pomijam
  - worldwidecyclery.com: brak danych o cenie (typy na stronie: breadcrumblist, localbusiness, organization)
  - goride.pl: brak danych o cenie (typy na stronie: store)
  - bike24.it: pomijam (blokada potwierdzona w tym runie)
  - alltricks.it: brak wymaganych slow (transmission, derailleur) - pomijam
  - kompletni-sady.heureka.cz: pomijam (blokada potwierdzona w tym runie)
  - hupnakolo.cz: HTTP 404
  - bike24.lu: pomijam (blokada potwierdzona w tym runie)
  - idealo.fr: pomijam (blokada potwierdzona w tym runie)
  - gambacicli.fr: pomijam (blokada potwierdzona w tym runie)
  - univers-carbone.com: brak wymaganych slow (transmission, derailleur) - pomijam
  - alltricks.com: brak wymaganych slow (transmission) - pomijam
  - vttae.fr: brak danych o cenie (typy na stronie: article, breadcrumblist, imageobject, person, webpage, website)
  - bike24.es: pomijam (blokada potwierdzona w tym runie)
  - mountainbike.es: brak danych o cenie (typy na stronie: itemlist, newsarticle, organization, videoobject)
  - idealo.es: pomijam (blokada potwierdzona w tym runie)
  - bicycling.nl: brak danych o cenie (typy na stronie: breadcrumblist, newsarticle, newsmediaorganization)
  - mtbiker.pl: pomijam (blokada potwierdzona w tym runie)
  - axit.cz: brak danych o cenie (typy na stronie: brak JSON-LD)
  - bikefast.pl: blad pobierania (ConnectTimeout)
  - koral.bielsko.pl: brak wymaganych slow (transmission) - pomijam
  - bike24.pl: pomijam (blokada potwierdzona w tym runie)
  - ascekhn.com: blad pobierania (ConnectionError)
  - warszawakomornik.com.pl: HTTP 404
  - ebike-mag.com: pomijam (blokada potwierdzona w tym runie)
  - gambacicli.com: brak wymaganych slow (derailleur) - pomijam
  - sportler.com: pomijam (blokada potwierdzona w tym runie)
  - chadjacksonpainting.com: HTTP 404
  - ridewill.it: brak danych o cenie (typy na stronie: collectionpage)
  + bikegunner.it: blokada ominieta headless Chromium
  - bikegunner.it: brak wymaganych slow (derailleur) - pomijam
  - ridewill.it: brak danych o cenie (typy na stronie: brak JSON-LD)
  - bike-discount.de: 1313.21 PLN poza widelkami [1400.0..2700.0] - pomijam
  - actionsports.de: brak wymaganych slow (transmission, derailleur) - pomijam
  - silverbackbikes.de: brak wymaganych slow (transmission) - pomijam
  - bikestacja.pl: brak wymaganych slow (transmission) - pomijam
  - cyklomania.pl: brak danych o cenie (typy na stronie: brak JSON-LD)
  - sklepprosport.pl: brak wymaganych slow (transmission) - pomijam
  - zumbistore.pl: pomijam (blokada potwierdzona w tym runie)
  - thokbikes.com: niedostepny (outofstock)
  - bikero.cz: brak wymaganych slow (transmission, derailleur) - pomijam
  - cyklozitny.cz: brak danych o cenie (typy na stronie: brak JSON-LD)
  - 123kolo.cz: brak wymaganych slow (derailleur) - pomijam
  - 2mcyklosport.cz: brak wymaganych slow (transmission, derailleur) - pomijam
  - pepebike.cz: brak wymaganych slow (transmission, derailleur) - pomijam
  - ibksport.fr: HTTP 404
  - bici10.com: brak wymaganych slow (transmission, derailleur) - pomijam
  - trodo.nl: HTTP 403 (przegladarka tez nie przeszla)
  - rat-bikes.com: pomijam (blokada potwierdzona w tym runie)
  - bikecomponents-us.com: niedostepny (outofstock)
  - bike24.com: pomijam (blokada potwierdzona w tym runie)
  - sanvit.com: brak wymaganych slow (derailleur) - pomijam
  - alltricks.it: brak wymaganych slow (gx, transmission) - pomijam
  - hupnakolo.cz: brak wymaganych slow (derailleur) - pomijam
  - biketime.de: brak wymaganych slow (derailleur) - pomijam
  - hibike.com: pomijam (blokada potwierdzona w tym runie)
  - pianetamountainbike.it: brak danych o cenie (typy na stronie: newsarticle)
  - kupkolo.cz: brak wymaganych slow (derailleur) - pomijam
  - hibike.com: pomijam (blokada potwierdzona w tym runie)
  - cyklozitny.cz: brak danych o cenie (typy na stronie: brak JSON-LD)
  - materiel-velo.com: brak wymaganych slow (derailleur) - pomijam
  - hibike.com: pomijam (blokada potwierdzona w tym runie)
  - hispanoracing.com: brak wymaganych slow (transmission, derailleur) - pomijam
  - bike24.com: pomijam (blokada potwierdzona w tym runie)
  - hibike.com: pomijam (blokada potwierdzona w tym runie)
  - alltricks.nl: brak wymaganych slow (transmission, derailleur) - pomijam
  - jensonusa.com: pomijam (blokada potwierdzona w tym runie)
  + velotracker.pl: 1569.0 PLN = 1569.0 PLN [EAN niepotwierdzony]
  - fanatikbike.com: brak danych o cenie (typy na stronie: breadcrumblist, organization)
  - thundermountainbikes.com: brak danych o cenie (typy na stronie: collectionpage)
  - biciesportstore.it: brak wymaganych slow (gx, derailleur) - pomijam
  - codeval.es: HTTP 404
  - gambacicli.fr: pomijam (blokada potwierdzona w tym runie)
  - bike24.com: pomijam (blokada potwierdzona w tym runie)
  - bikester.nl: brak danych o cenie (typy na stronie: breadcrumblist, organization)
  - salden.nl: brak danych o cenie (typy na stronie: breadcrumblist, website)
  - fietsspecialist.nl: brak danych o cenie (typy na stronie: brak JSON-LD)
  - diliecicli.it: brak wymaganych slow (transmission, derailleur) - pomijam
  - benscycle.com: brak wymaganych slow (transmission) - pomijam
  - canadabicycleparts.com: pomijam (blokada potwierdzona w tym runie)
  - bikable.com: brak wymaganych slow (transmission) - pomijam
  - bike24.com: pomijam (blokada potwierdzona w tym runie)
  - bike24.fi: pomijam (blokada potwierdzona w tym runie)
  - bike24.pl: pomijam (blokada potwierdzona w tym runie)
  - bike24.com: pomijam (blokada potwierdzona w tym runie)
  - bike24.fi: pomijam (blokada potwierdzona w tym runie)
  - bike24.com: pomijam (blokada potwierdzona w tym runie)
  - merlincycles.com: brak danych o cenie (typy na stronie: brak JSON-LD)
  - performancebike.com: brak wymaganych slow (transmission) - pomijam
  - bike-components.de: brak wymaganych slow (gx) - pomijam
  - bike-components.de: brak wymaganych slow (transmission) - pomijam
  - fanatikbike.com: waluta USD poza dozwolonym regionem - pomijam
  - performancebike.com: niedostepny (outofstock)
  - performancebike.com: brak wymaganych slow (transmission) - pomijam
  - performancebike.com: niedostepny (outofstock)
  - performancebike.com: niedostepny (outofstock)
  - hibike.com: pomijam (blokada potwierdzona w tym runie)
  - bike-test.com: brak danych o cenie (typy na stronie: article, imageobject, organization, person, webpage, website)
  - performancebike.com: brak danych o cenie (typy na stronie: breadcrumblist)
  - bikestacja.pl: brak wymaganych slow (transmission) - pomijam
  - eubike.pl: blad pobierania (ConnectTimeout)
  - bike24.it: pomijam (blokada potwierdzona w tym runie)
  - bike24.it: pomijam (blokada potwierdzona w tym runie)
  - bike24.it: pomijam (blokada potwierdzona w tym runie)
  - bike24.it: pomijam (blokada potwierdzona w tym runie)
  - bike24.it: pomijam (blokada potwierdzona w tym runie)
  - bike24.it: pomijam (blokada potwierdzona w tym runie)
  - bike24.it: pomijam (blokada potwierdzona w tym runie)
  - bike24.it: pomijam (blokada potwierdzona w tym runie)
  - bike24.it: pomijam (blokada potwierdzona w tym runie)
  - bike24.it: pomijam (blokada potwierdzona w tym runie)
  - bike24.it: pomijam (blokada potwierdzona w tym runie)
  - bike24.it: pomijam (blokada potwierdzona w tym runie)
  - bike24.it: pomijam (blokada potwierdzona w tym runie)
  - bike24.it: pomijam (blokada potwierdzona w tym runie)
  - bike24.it: pomijam (blokada potwierdzona w tym runie)
  - bike-discount.de: HTTP 404
  - sportler.com: pomijam (blokada potwierdzona w tym runie)
  - kscycleworks.com: brak wymaganych slow (transmission) - pomijam
  - landrys.com: brak wymaganych slow (transmission) - pomijam
  - dynamitebikelab.com: brak wymaganych slow (transmission) - pomijam
  - portal.bikeworld.pl: brak danych o cenie (typy na stronie: article)
  - kscycleworks.com: brak wymaganych slow (transmission) - pomijam
  - outlet.wheelandsprocket.com: brak wymaganych slow (transmission) - pomijam
  - yawpcyclery.com: brak wymaganych slow (transmission) - pomijam
  - rowertour.com: brak danych o cenie (typy na stronie: breadcrumblist, itemlist, webpage)
  - rowertour.com: brak wymaganych slow (transmission) - pomijam
  - rowertour.com: brak wymaganych slow (transmission) - pomijam
  - rowertour.com: brak wymaganych slow (transmission) - pomijam
  - rowertour.com: brak wymaganych slow (transmission) - pomijam
  - mtbiker.pl: pomijam (blokada potwierdzona w tym runie)
  - mtbiker.pl: pomijam (blokada potwierdzona w tym runie)
  - rowertour.com: brak danych o cenie (typy na stronie: breadcrumblist, itemlist, webpage)
  - rowertour.com: brak danych o cenie (typy na stronie: breadcrumblist, itemlist, webpage)
  - sportano.pl: brak wymaganych slow (transmission) - pomijam
  - rowertour.com: brak wymaganych slow (gx) - pomijam
  - rowertour.com: brak wymaganych slow (gx) - pomijam
  - rowertour.com: brak wymaganych slow (gx) - pomijam
  - rowertour.com: brak wymaganych slow (gx, transmission) - pomijam
  - rowertour.com: brak wymaganych slow (gx, transmission) - pomijam
  - rowertour.com: brak wymaganych slow (gx, transmission) - pomijam
  - rowertour.com: brak wymaganych slow (gx, transmission) - pomijam
  - rowertour.com: brak wymaganych slow (transmission) - pomijam
  - amazon.ie: brak danych o cenie (typy na stronie: brak JSON-LD)
  - noboundariessport.com: brak wymaganych slow (transmission) - pomijam
  - cyclelimited.com: niedostepny (outofstock)
  - kleinanzeigen.de: brak danych o cenie (typy na stronie: imageobject, website)
  - arbutusroutes.com: brak wymaganych slow (transmission) - pomijam
  - marbleheadcycle.com: HTTP 404
  - biketart.com: brak wymaganych slow (transmission) - pomijam
  - worldwidecyclery.com: brak danych o cenie (typy na stronie: breadcrumblist, localbusiness, organization)
  - worldwidecyclery.com: brak danych o cenie (typy na stronie: breadcrumblist, localbusiness, organization)
  - worldwidecyclery.com: brak danych o cenie (typy na stronie: breadcrumblist, localbusiness, organization)
  - worldwidecyclery.com: brak danych o cenie (typy na stronie: breadcrumblist, localbusiness, organization)
  - worldwidecyclery.com: brak danych o cenie (typy na stronie: breadcrumblist, localbusiness, organization)
  + meros.io: blokada ominieta headless Chromium
  - meros.io: brak danych o cenie (typy na stronie: brak JSON-LD)
  - racycles.com: waluta USD poza dozwolonym regionem - pomijam
  - worldwidecyclery.com: brak wymaganych slow (transmission) - pomijam
  - mapquest.com: HTTP 202
  - cbinsights.com: brak danych o cenie (typy na stronie: breadcrumblist, corporation, profilepage)
  - cbinsights.com: brak danych o cenie (typy na stronie: breadcrumblist, corporation, profilepage)
  - cbinsights.com: brak danych o cenie (typy na stronie: breadcrumblist, corporation, profilepage)
  - mapquest.com: HTTP 202
  - tracxn.com: pomijam (blokada potwierdzona w tym runie)
  - centrumrowerowe.pl: brak wymaganych slow (transmission) - pomijam
  - bike24.it: pomijam (blokada potwierdzona w tym runie)
  - wheelworx.ie: brak wymaganych slow (transmission) - pomijam
  - astunke.lt: brak danych o cenie (typy na stronie: breadcrumblist, imageobject, organization, webpage, website)
  - abalos-tx.com: HTTP 404
  - marchisiobici.it: brak wymaganych slow (transmission, derailleur) - pomijam
  - nowbikes-fitness.com: waluta USD poza dozwolonym regionem - pomijam
  - ltmracing.com: HTTP 403 (przegladarka tez nie przeszla)
  - pitchbook.com: HTTP 403 (przegladarka tez nie przeszla)
  - fanatikbike.com: brak wymaganych slow (derailleur) - pomijam
  - tnc-hamburg.com: brak wymaganych slow (gx) - pomijam
  - tnc-hamburg.com: brak wymaganych slow (gx) - pomijam
  - tnc-hamburg.com: brak wymaganych slow (gx) - pomijam
  - rowerowy.com: brak danych o cenie (typy na stronie: brak JSON-LD)
  - rowerowy.com: brak danych o cenie (typy na stronie: brak JSON-LD)
  - rowerowy.com: brak danych o cenie (typy na stronie: brak JSON-LD)
[MONITOR] X0-CHAIN: sprawdzam 252 URL-i
  - worldwidecyclery.com: waluta USD poza dozwolonym regionem - pomijam
  - universalcycles.com: waluta USD poza dozwolonym regionem - pomijam
  - r2-bike.com: pomijam (blokada potwierdzona w tym runie)
  - thelostco.com: waluta USD poza dozwolonym regionem - pomijam
  - brandscycle.com: brak wymaganych slow (flattop) - pomijam
  + ebike24.com: 99.9 EUR = 437.31 PLN [EAN OK]
  - worldwidecyclery.com: brak wymaganych slow (x0) - pomijam
  - twohoosierscyclery.com: waluta USD poza dozwolonym regionem - pomijam
  - competitivecyclist.com: HTTP 202
  - dunbarcycles.com: waluta CAD poza dozwolonym regionem - pomijam
  - powermetercity.com: pomijam (blokada potwierdzona w tym runie)
  - bikecomponents-us.com: niedostepny (outofstock)
  - biketiresdirect.com: waluta USD poza dozwolonym regionem - pomijam
  - mikesbikes.com: waluta USD poza dozwolonym regionem - pomijam
  - thelostco.com: brak danych o cenie (typy na stronie: breadcrumblist, organization)
  - probikesupply.com: waluta USD poza dozwolonym regionem - pomijam
  - sledshedshop.com: waluta USD poza dozwolonym regionem - pomijam
  - fanatikbike.com: waluta USD poza dozwolonym regionem - pomijam
  - excelsports.com: brak wymaganych slow (flattop) - pomijam
  - vitalmtb.com: brak danych o cenie (typy na stronie: brak JSON-LD)
  - thundermountainbikes.com: waluta USD poza dozwolonym regionem - pomijam
  - velofactory.ch: pomijam (blokada potwierdzona w tym runie)
  - treefortbikes.com: waluta USD poza dozwolonym regionem - pomijam
  - bike-discount.de: 306.38 PLN poza widelkami [350.0..900.0] - pomijam
  - vitalbikechains.com: brak wymaganych slow (flattop) - pomijam
  + bikestacja.pl: 81.96 EUR = 358.78 PLN [EAN OK]
  - en.wiktionary.org: brak danych o cenie (typy na stronie: brak JSON-LD)
  - merriam-webster.com: brak danych o cenie (typy na stronie: audioobject, book, definedterm, definedtermset, webpage, website)
  - catena.com: brak danych o cenie (typy na stronie: organization, website)
  - catenagroup.es: brak danych o cenie (typy na stronie: breadcrumblist, organization, webpage, website)
  - catena-x.net: brak danych o cenie (typy na stronie: breadcrumblist, webpage, website)
  - x.com: pomijam (blokada potwierdzona w tym runie)
  - en.wikipedia.org: brak danych o cenie (typy na stronie: article)
  ~ linkedin.com: brak ceny, ale znalazlem 1 link(i) produktowe - sprawdzam
  - catenabible.com: brak danych o cenie (typy na stronie: brak JSON-LD)
  - noboundariessport.com: brak wymaganych slow (flattop) - pomijam
  - stealthtahoe.com: waluta USD poza dozwolonym regionem - pomijam
  - bikebling.com: brak danych o cenie (typy na stronie: brak JSON-LD)
  + ebike24.fr: 100.74 EUR = 440.99 PLN [EAN OK]
  - hollandbikeshop.com: niedostepny (outofstock)
  - outlet.wheelandsprocket.com: waluta USD poza dozwolonym regionem - pomijam
  - ultimatesportstrinidad.com: waluta USD poza dozwolonym regionem - pomijam
  + cavalierebici.it: 98.32 EUR = 430.4 PLN [EAN OK]
  - thebikevillage.com: brak wymaganych slow (flattop) - pomijam
  ~ worldwidecyclery.com: brak ceny, ale znalazlem 3 link(i) produktowe - sprawdzam
  ~ bikemart.com: brak ceny, ale znalazlem 2 link(i) produktowe - sprawdzam
  - en.wikipedia.org: brak danych o cenie (typy na stronie: article)
  - bikesonline.com: brak danych o cenie (typy na stronie: organization)
  - theproscloset.com: brak danych o cenie (typy na stronie: bikestore, breadcrumblist, webpage)
  + all4cycling.com: 84.9 EUR = 371.65 PLN [EAN OK]
  - lordgunbicycles.com: pomijam (blokada potwierdzona w tym runie)
  - quantavici.com: HTTP 404
  - bike-discount.de: 306.38 PLN poza widelkami [350.0..900.0] - pomijam
  - bike24.com: pomijam (blokada potwierdzona w tym runie)
  - benscycle.com: waluta USD poza dozwolonym regionem - pomijam
  - bike24.de: pomijam (blokada potwierdzona w tym runie)
  - ibksport.de: HTTP 404
  - bike-discount.de: 306.38 PLN poza widelkami [350.0..900.0] - pomijam
  - best-bike-parts.de: HTTP 404
  - tuning-bikes.de: HTTP 403 (przegladarka tez nie przeszla)
  - cyklomania.pl: brak danych o cenie (typy na stronie: brak JSON-LD)
  + kastor-bike.pl: 361.99 PLN = 361.99 PLN [EAN OK]
  - rosebikes.nl: brak wymaganych slow (flattop) - pomijam
  + bikestacja.pl: 358.8 PLN = 358.8 PLN [EAN OK]
  - cingolanibikeshop.com: brak wymaganych slow (flattop) - pomijam
  + bikeshopping.it: 80.37 EUR = 351.82 PLN [EAN OK]
  - bicispasaje.es: pomijam (blokada potwierdzona w tym runie)
  - r2-bike.com: pomijam (blokada potwierdzona w tym runie)
  + kupkolo.cz: 1970.0 CZK = 354.01 PLN [EAN OK]
  + bikesportul.cz: 2999.0 CZK = 538.92 PLN [EAN OK]
  - 123kolo.cz: niedostepny (outofstock)
  - ibkbike.com: HTTP 404
  - fnac.com: pomijam (blokada potwierdzona w tym runie)
  - 123comparer.fr: brak wymaganych slow (x0, flattop, chain) - pomijam
  - idealo.fr: pomijam (blokada potwierdzona w tym runie)
  - provence-outillage.fr: brak danych o cenie (typy na stronie: itempage)
  - collect-world.com: brak wymaganych slow (x0, flattop, chain) - pomijam
  - ebike24.fr: brak wymaganych slow (x0, flattop, chain) - pomijam
  - innelec.com: brak danych o cenie (typy na stronie: breadcrumblist)
  - placedeslibraires.fr: HTTP 403 (przegladarka tez nie przeszla)
  + achatmoinscher.com: blokada ominieta headless Chromium
  - achatmoinscher.com: brak wymaganych slow (x0, flattop, chain) - pomijam
  - castorama.fr: brak wymaganych slow (x0, flattop, chain) - pomijam
  - rotoruabike.com: brak wymaganych slow (flattop) - pomijam
  - vadebicis.com: HTTP 403 (przegladarka tez nie przeszla)
  - bicicletasapedales.com: HTTP 403 (przegladarka tez nie przeszla)
  - ibksport.es: HTTP 404
  - trekdonostia.com: brak wymaganych slow (flattop) - pomijam
  - hollandbikeshop.com: niedostepny (outofstock)
  - truebicycles.com: brak wymaganych slow (flattop, chain) - pomijam
  - tweekscycles.com: brak wymaganych slow (flattop) - pomijam
  - bike24.pl: pomijam (blokada potwierdzona w tym runie)
  - mtbiker.pl: pomijam (blokada potwierdzona w tym runie)
  - centrumrowerowe.pl: brak wymaganych slow (flattop) - pomijam
  - zumbistore.pl: pomijam (blokada potwierdzona w tym runie)
  - merlincycles.com: brak danych o cenie (typy na stronie: brak JSON-LD)
  + spoke.cz: 2299.0 CZK = 413.13 PLN [EAN OK]
  - ccache.cc: waluta USD poza dozwolonym regionem - pomijam
  - alltricks.fr: brak wymaganych slow (flattop) - pomijam
  + all4cycling.com: 84.9 EUR = 371.65 PLN [EAN OK]
  - velofactory.ch: pomijam (blokada potwierdzona w tym runie)
  - idealo.es: pomijam (blokada potwierdzona w tym runie)
  - tbsbikeparts.com: waluta USD poza dozwolonym regionem - pomijam
  - lordgun.com: pomijam (blokada potwierdzona w tym runie)
  - bike24.com: pomijam (blokada potwierdzona w tym runie)
  - gearworkmtb.com: waluta USD poza dozwolonym regionem - pomijam
  - bike24.pl: pomijam (blokada potwierdzona w tym runie)
  - bike24.fi: pomijam (blokada potwierdzona w tym runie)
  - universalcycles.com: waluta USD poza dozwolonym regionem - pomijam
  - worldwidecyclery.com: waluta USD poza dozwolonym regionem - pomijam
  - cyclosphere.com: brak wymaganych slow (x0) - pomijam
  - stage21bikes.com: waluta USD poza dozwolonym regionem - pomijam
  - idealo.at: HTTP 403 (przegladarka tez nie przeszla)
  - alutech-cycles.com: HTTP 404
  + all4cycling.com: 84.9 EUR = 371.65 PLN [EAN OK]
  + elektrofahrrad24.de: 99.9 EUR = 437.31 PLN [EAN OK]
  - bikedirection.com: brak danych o cenie (typy na stronie: brak JSON-LD)
  - bike-mailorder.com: 275.78 PLN poza widelkami [350.0..900.0] - pomijam
  - gambacicli.com: niedostepny (outofstock)
  - retezy.heureka.cz: pomijam (blokada potwierdzona w tym runie)
  + sportokay.com: 99.99 EUR = 437.71 PLN [EAN OK]
  - lordgunbicycles.fr: pomijam (blokada potwierdzona w tym runie)
  - bike-mailorder.com: 347.31 PLN poza widelkami [350.0..900.0] - pomijam
  - pedalmoto.com: niedostepny (outofstock)
  - bike-discount.de: 306.38 PLN poza widelkami [350.0..900.0] - pomijam
  - fabreguesbicicletas.com: pomijam (blokada potwierdzona w tym runie)
  - bike24.es: pomijam (blokada potwierdzona w tym runie)
  + mount7.com: 96.99 EUR = 424.57 PLN [EAN OK]
  - bike-mailorder.com: 341.58 PLN poza widelkami [350.0..900.0] - pomijam
  + sportokay.com: 99.99 EUR = 437.71 PLN [EAN OK]
  - goodsport.pl: brak danych o cenie (typy na stronie: brak JSON-LD)
  - sklep.kadrzynski.pl: blad pobierania (ConnectTimeout)
  - rowertour.com: brak wymaganych slow (flattop) - pomijam
  - airbike.pl: brak danych o cenie (typy na stronie: breadcrumblist, http://schema.org/product, onlinestore, product)
  + bike-store.it: 108.0 EUR = 472.77 PLN [EAN OK]
  + becycleclub.it: 88.52 EUR = 387.5 PLN [EAN niepotwierdzony]
  - lordgunbicycles.es: pomijam (blokada potwierdzona w tym runie)
  - wysepka.pl: 349.99 PLN poza widelkami [350.0..900.0] - pomijam
  - jensonusa.com: pomijam (blokada potwierdzona w tym runie)
  - ridewill.it: brak danych o cenie (typy na stronie: brak JSON-LD)
  + all4cycling.com: 84.9 EUR = 371.65 PLN [EAN OK]
  + probikeshop.it: 91.79 EUR = 401.81 PLN [EAN OK]
  - bike24.it: pomijam (blokada potwierdzona w tym runie)
  - retezy.heureka.cz: pomijam (blokada potwierdzona w tym runie)
  - bike-discount.de: 306.38 PLN poza widelkami [350.0..900.0] - pomijam
  - lamacycles.com: waluta CAD poza dozwolonym regionem - pomijam
  - bicispasaje.es: pomijam (blokada potwierdzona w tym runie)
  + bici10.com: 104.96 EUR = 459.46 PLN [EAN OK]
  - ridewill.it: brak danych o cenie (typy na stronie: brak JSON-LD)
  - maciag-offroad.de: brak wymaganych slow (flattop) - pomijam
  - ibksport.de: HTTP 404
  - zweiradnetz.de: brak wymaganych slow (flattop) - pomijam
  - bike4all.pl: brak wymaganych slow (x0, flattop, chain) - pomijam
  - hollandbikeshop.com: niedostepny (outofstock)
  - bikesystem.pl: brak danych o cenie (typy na stronie: itemlist)
  - cyklobest.cz: brak wymaganych slow (flattop) - pomijam
  - rosebikes.fr: brak wymaganych slow (flattop) - pomijam
  - trodo.fr: HTTP 403 (przegladarka tez nie przeszla)
  - bike24.fr: pomijam (blokada potwierdzona w tym runie)
  - procycles43.fr: brak wymaganych slow (flattop) - pomijam
  - bikable.com: brak wymaganych slow (flattop) - pomijam
  - kbike.es: pomijam (blokada potwierdzona w tym runie)
  - ibksport.nl: HTTP 404
  - universalcycles.com: brak wymaganych slow (x0) - pomijam
  - thebicyclelink.com: brak danych o cenie (typy na stronie: brak JSON-LD)
  - thespokeeasyclt.com: brak danych o cenie (typy na stronie: brak JSON-LD)
  - bicyclesquilicot.com: waluta CAD poza dozwolonym regionem - pomijam
  - idealo.fr: pomijam (blokada potwierdzona w tym runie)
  - velofactory.ch: pomijam (blokada potwierdzona w tym runie)
  - sledshedshop.com: waluta USD poza dozwolonym regionem - pomijam
  - labicicleta.net: brak wymaganych slow (flattop) - pomijam
  - bike-mailorder.com: 347.31 PLN poza widelkami [350.0..900.0] - pomijam
  - ftzshop.de: HTTP 429 (przegladarka tez nie przeszla)
  - bike24.at: pomijam (blokada potwierdzona w tym runie)
  - bike24.de: pomijam (blokada potwierdzona w tym runie)
  - bike24.de: pomijam (blokada potwierdzona w tym runie)
  - bike24.at: pomijam (blokada potwierdzona w tym runie)
  - bike24.de: pomijam (blokada potwierdzona w tym runie)
  - bike24.de: pomijam (blokada potwierdzona w tym runie)
  - bike24.at: pomijam (blokada potwierdzona w tym runie)
  - bike24.de: pomijam (blokada potwierdzona w tym runie)
  - raaad.de: niedostepny (outofstock)
  - bike24.de: pomijam (blokada potwierdzona w tym runie)
  - bike24.at: pomijam (blokada potwierdzona w tym runie)
  + tnc-hamburg.com: 84.9 EUR = 371.65 PLN [EAN OK]
  - elektrofahrrad24.de: brak wymaganych slow (x0) - pomijam
  - elektrofahrrad24.de: brak wymaganych slow (x0) - pomijam
  - spectrumbike.cz: brak wymaganych slow (flattop, chain) - pomijam
  - grofova.cz: HTTP 410
  + probikeshop.fr: 89.99 EUR = 393.93 PLN [EAN OK]
  - bike24.pl: pomijam (blokada potwierdzona w tym runie)
  + ebike24.es: 101.58 EUR = 444.67 PLN [EAN OK]
  - francesconibike.com: waluta USD poza dozwolonym regionem - pomijam
  - sprint-rowery.pl: pomijam (blokada potwierdzona w tym runie)
  - taddeistore.com: HTTP 403 (przegladarka tez nie przeszla)
  - gambacicli.fr: pomijam (blokada potwierdzona w tym runie)
  - bike-rs.pl: brak danych o cenie (typy na stronie: breadcrumblist, http://schema.org/product, onlinestore, product)
  - bikesportadventure.com: brak danych o cenie (typy na stronie: organization)
  - bikesportadventure.com: niedostepny (outofstock)
  - ibksport.eu: HTTP 404
  - ibkbike.fr: HTTP 404
  - trodo.es: HTTP 403 (przegladarka tez nie przeszla)
  - ascensionvelo.com: waluta CAD poza dozwolonym regionem - pomijam
  - ibksport.com: HTTP 404
  - dtcreate.com: brak wymaganych slow (flattop) - pomijam
  - biodistrettolagodibolsena.it: brak danych o cenie (typy na stronie: breadcrumblist, imageobject, organization, webpage, website)
  + sportokay.com: 99.99 EUR = 437.71 PLN [EAN OK]
  - bike-mailorder.com: 275.78 PLN poza widelkami [350.0..900.0] - pomijam
  + sportokay.com: 99.99 EUR = 437.71 PLN [EAN OK]
  - bike-mailorder.com: 347.31 PLN poza widelkami [350.0..900.0] - pomijam
  - community.escapecollective.com: brak danych o cenie (typy na stronie: brak JSON-LD)
  - alutech-cycles.com: brak wymaganych slow (flattop) - pomijam
  - pianetamountainbike.it: brak danych o cenie (typy na stronie: newsarticle)
  - absolubike.fr: blad pobierania (ConnectTimeout)
  - bike24.com: pomijam (blokada potwierdzona w tym runie)
  - bike-mailorder.com: 1580.06 PLN poza widelkami [350.0..900.0] - pomijam
  - merlincycles.com: brak danych o cenie (typy na stronie: brak JSON-LD)
  + francesconibike.com: 82.91 EUR = 362.94 PLN [EAN OK]
  + tudetic.com: 80.04 EUR = 350.38 PLN [EAN OK]
  + francesconibike.com: 85.0 EUR = 372.09 PLN [EAN OK]
  + bike-store.it: 108.0 EUR = 472.77 PLN [EAN OK]
  - bikesnboards.de: brak wymaganych slow (flattop) - pomijam
  - ibksport.de: HTTP 404
  - rei.com: pomijam (blokada potwierdzona w tym runie)
  - landrys.com: waluta USD poza dozwolonym regionem - pomijam
  - jensonusa.com: pomijam (blokada potwierdzona w tym runie)
  - leagueoutfitters.com: waluta USD poza dozwolonym regionem - pomijam
  - bike24.it: pomijam (blokada potwierdzona w tym runie)
  - bike24.it: pomijam (blokada potwierdzona w tym runie)
  - bike24.it: pomijam (blokada potwierdzona w tym runie)
  - bike24.it: pomijam (blokada potwierdzona w tym runie)
  - bike24.it: pomijam (blokada potwierdzona w tym runie)
  - bike24.it: pomijam (blokada potwierdzona w tym runie)
  - rosebikes.nl: brak wymaganych slow (flattop) - pomijam
  - francesconibike.com: waluta USD poza dozwolonym regionem - pomijam
  - francesconibike.com: brak wymaganych slow (x0) - pomijam
  - nanobike.de: brak wymaganych slow (flattop) - pomijam
  - wheelandsprocket.com: waluta USD poza dozwolonym regionem - pomijam
  - thepathbikeshop.com: waluta USD poza dozwolonym regionem - pomijam
  - abalos-tx.com: HTTP 404
  - maciag-offroad.com: brak wymaganych slow (flattop) - pomijam
  - veloteile-schweiz.ch: brak danych o cenie (typy na stronie: brak JSON-LD)
  - davemellorcycles.com: brak wymaganych slow (flattop) - pomijam
  - sbybikes.com: brak wymaganych slow (flattop) - pomijam
  - homedepot.com: HTTP 403 (przegladarka tez nie przeszla)
  - thundermountainbikes.com: brak wymaganych slow (x0) - pomijam
  - leadiq.com: brak danych o cenie (typy na stronie: breadcrumblist, faqpage, organization)
  - mapquest.com: HTTP 202
  - mapquest.com: HTTP 202
  - indeed.com: pomijam (blokada potwierdzona w tym runie)
  - astunke.lt: brak danych o cenie (typy na stronie: breadcrumblist, imageobject, organization, webpage, website)
  - wrightpediatricdentistry.com: HTTP 404
  - bike-components.de: brak wymaganych slow (flattop) - pomijam
  - linkedin.com: brak danych o cenie (typy na stronie: socialmediaposting)
  - worldwidecyclery.com: brak wymaganych slow (x0) - pomijam
  - worldwidecyclery.com: brak wymaganych slow (x0) - pomijam
  - worldwidecyclery.com: brak wymaganych slow (x0, flattop) - pomijam
  - bikemart.com: brak wymaganych slow (x0) - pomijam
  - bikemart.com: brak wymaganych slow (x0, flattop) - pomijam
[MONITOR] XX-SL-POWERMETER: sprawdzam 339 URL-i
  - bike24.com: pomijam (blokada potwierdzona w tym runie)
  - worldwidecyclery.com: niedostepny (outofstock)
  - bike-discount.de: brak wymaganych slow (xx, sl) - pomijam
  - 2peaksbikes.com: waluta USD poza dozwolonym regionem - pomijam
  - somibike.com: waluta USD poza dozwolonym regionem - pomijam
  - r2-bike.com: pomijam (blokada potwierdzona w tym runie)
  ~ syracusebicycle.com: brak ceny, ale znalazlem 2 link(i) produktowe - sprawdzam
  - crosscountrycycle.com: waluta USD poza dozwolonym regionem - pomijam
  - biketiresdirect.com: waluta USD poza dozwolonym regionem - pomijam
  - thelostco.com: waluta USD poza dozwolonym regionem - pomijam
  - brandscycle.com: waluta USD poza dozwolonym regionem - pomijam
  - bicyclewarehouse.com: waluta USD poza dozwolonym regionem - pomijam
  - treefortbikes.com: waluta USD poza dozwolonym regionem - pomijam
  - jbi.bike: brak danych o cenie (typy na stronie: brak JSON-LD)
  - powermetercity.com: pomijam (blokada potwierdzona w tym runie)
  - performancebike.com: niedostepny (outofstock)
  - thundermountainbikes.com: niedostepny (outofstock)
  - thebicyclestation.com: waluta USD poza dozwolonym regionem - pomijam
  - probikesupply.com: waluta USD poza dozwolonym regionem - pomijam
  - n1bikes.com: waluta USD poza dozwolonym regionem - pomijam
  - weightweenies.starbike.com: pomijam (blokada potwierdzona w tym runie)
  - competitivecyclist.com: HTTP 202
  ~ thundermountainbikes.com: brak ceny, ale znalazlem 3 link(i) produktowe - sprawdzam
  - bikesale.com: waluta USD poza dozwolonym regionem - pomijam
  - rei.com: pomijam (blokada potwierdzona w tym runie)
  - n1bikes.com: waluta USD poza dozwolonym regionem - pomijam
  - bouldernordic.com: niedostepny (outofstock)
  - theproscloset.com: waluta USD poza dozwolonym regionem - pomijam
  - tiktok.com: brak danych o cenie (typy na stronie: brak JSON-LD)
  - powermetercity.com: pomijam (blokada potwierdzona w tym runie)
  ~ bike-rs.pl: brak ceny, ale znalazlem 1 link(i) produktowe - sprawdzam
  - aktywnawyprawa.com: HTTP 403 (przegladarka tez nie przeszla)
  - rowertour.com: brak wymaganych slow (power meter) - pomijam
  - cyklomania.pl: brak danych o cenie (typy na stronie: brak JSON-LD)
  - zumbistore.pl: pomijam (blokada potwierdzona w tym runie)
  - centrumrowerowe.pl: brak wymaganych slow (power meter) - pomijam
  - velonova.lt: pomijam (blokada potwierdzona w tym runie)
  - jensonusa.com: pomijam (blokada potwierdzona w tym runie)
  - veloteile-schweiz.ch: brak danych o cenie (typy na stronie: brak JSON-LD)
  - actionsports.de: brak wymaganych slow (xx, sl, power meter) - pomijam
  + hollandbikeshop.com: 367.95 EUR = 1610.7 PLN [EAN OK]
  - blimpcitybikeandhike.com: brak danych o cenie (typy na stronie: breadcrumblist, product)
  - kastor-bike.pl: brak wymaganych slow (power meter) - pomijam
  - bikestacja.pl: brak danych o cenie (typy na stronie: brak JSON-LD)
  - cingolanibikeshop.com: brak wymaganych slow (power meter) - pomijam
  + bike-discount.de: 359.99 EUR = 1575.86 PLN [EAN OK]
  - ridewill.it: brak danych o cenie (typy na stronie: brak JSON-LD)
  - taddeistore.com: pomijam (blokada potwierdzona w tym runie)
  + hollandbikeshop.com: 367.95 EUR = 1610.7 PLN [EAN OK]
  + bortonemoto.com: 389.0 EUR = 1702.85 PLN [EAN niepotwierdzony]
  - pepebike.cz: 10242.72 PLN poza widelkami [1500.0..3200.0] - pomijam
  - hupnakolo.cz: 4209.29 PLN poza widelkami [1500.0..3200.0] - pomijam
  - cyklozitny.cz: brak danych o cenie (typy na stronie: brak JSON-LD)
  - kupkolo.cz: 10780.2 PLN poza widelkami [1500.0..3200.0] - pomijam
  - kompletni-sady.heureka.cz: pomijam (blokada potwierdzona w tym runie)
  - 123kolo.cz: 449.07 PLN poza widelkami [1500.0..3200.0] - pomijam
  - koloshop.cz: brak danych o cenie (typy na stronie: breadcrumblist, collectionpage, itemlist)
  - mtbiker.cz: pomijam (blokada potwierdzona w tym runie)
  - spectrumbike.cz: brak wymaganych slow (power meter) - pomijam
  - rueducommerce.fr: brak wymaganych slow (xx, sl, power meter) - pomijam
  - fnac.com: pomijam (blokada potwierdzona w tym runie)
  - 123comparer.fr: brak wymaganych slow (xx, sl, power meter) - pomijam
  - carrefour.fr: pomijam (blokada potwierdzona w tym runie)
  + achatmoinscher.com: blokada ominieta headless Chromium
  - achatmoinscher.com: brak wymaganych slow (xx, sl, power meter) - pomijam
  - innelec.com: brak danych o cenie (typy na stronie: breadcrumblist)
  - brabantia.com: brak wymaganych slow (xx, sl, power meter) - pomijam
  - amazon.com.be: brak danych o cenie (typy na stronie: brak JSON-LD)
  - picksly.fr: brak danych o cenie (typy na stronie: brak JSON-LD)
  - rotoruabike.com: brak wymaganych slow (power meter) - pomijam
  - urbanobike.es: brak wymaganych slow (xx, sl, power meter) - pomijam
  - ciclosartia.com: HTTP 403 (przegladarka tez nie przeszla)
  - bikesuperior.com: 14003.62 PLN poza widelkami [1500.0..3200.0] - pomijam
  - leendersfietsen.nl: 5515.65 PLN poza widelkami [1500.0..3200.0] - pomijam
  - 12gobiking.nl: niedostepny (outofstock)
  - stappenbelt.com: 5515.65 PLN poza widelkami [1500.0..3200.0] - pomijam
  - angrycatfishbicycle.com: waluta USD poza dozwolonym regionem - pomijam
  - tomsbicycles.com: niedostepny (outofstock)
  - landrys.com: waluta USD poza dozwolonym regionem - pomijam
  - ridewill.com: brak danych o cenie (typy na stronie: brak JSON-LD)
  - biker-boarder.de: brak danych o cenie (typy na stronie: bikestore, sportinggoodsstore, website)
  - bike-discount.de: 8448.53 PLN poza widelkami [1500.0..3200.0] - pomijam
  - powermetercity.com: pomijam (blokada potwierdzona w tym runie)
  - velonova.ee: pomijam (blokada potwierdzona w tym runie)
  - kleinanzeigen.de: brak danych o cenie (typy na stronie: imageobject, website)
  + radsport-buchstaller.de: 399.0 EUR = 1746.62 PLN [EAN niepotwierdzony]
  - cyklomania.pl: HTTP 404
  - centrumrowerowe.pl: 384.99 PLN poza widelkami [1500.0..3200.0] - pomijam
  + 2wheels.pl: 2019.0 PLN = 2019.0 PLN [EAN niepotwierdzony]
  - evolutionbikes.it: 13132.28 PLN poza widelkami [1500.0..3200.0] - pomijam
  - velofactory.ch: pomijam (blokada potwierdzona w tym runie)
  - fitness-zone.cz: brak danych o cenie (typy na stronie: brak JSON-LD)
  - cyklisticke-prislusenstvi.heureka.cz: pomijam (blokada potwierdzona w tym runie)
  - alltricks.fr: 9192.71 PLN poza widelkami [1500.0..3200.0] - pomijam
  - ridewill.com: brak danych o cenie (typy na stronie: brak JSON-LD)
  - evolutionbikes.com: 12917.04 PLN poza widelkami [1500.0..3200.0] - pomijam
  - bike-discount.de: 8448.53 PLN poza widelkami [1500.0..3200.0] - pomijam
  - bike-components.de: 8711.23 PLN poza widelkami [1500.0..3200.0] - pomijam
  - mammothbikes.com: niedostepny (outofstock)
  - alltricks.es: 9192.71 PLN poza widelkami [1500.0..3200.0] - pomijam
  - mtbblog.nl: brak danych o cenie (typy na stronie: article, breadcrumblist, imageobject, organization, person, webpage, website)
  - leendersfietsen.nl: niedostepny (outofstock)
  - tormino.com: 5625.04 PLN poza widelkami [1500.0..3200.0] - pomijam
  - shop.howlerbikepark.com: waluta USD poza dozwolonym regionem - pomijam
  - bike-discount.de: 8448.53 PLN poza widelkami [1500.0..3200.0] - pomijam
  - bike-components.de: 8711.23 PLN poza widelkami [1500.0..3200.0] - pomijam
  - r2-bike.com: pomijam (blokada potwierdzona w tym runie)
  - ridewill.com: brak danych o cenie (typy na stronie: brak JSON-LD)
  - veloabike.pl: brak danych o cenie (typy na stronie: breadcrumblist, http://schema.org/product, onlinestore, product)
  - cyklomania.pl: brak danych o cenie (typy na stronie: brak JSON-LD)
  - evolutionbikes.it: 13132.28 PLN poza widelkami [1500.0..3200.0] - pomijam
  - alltricks.it: 9192.71 PLN poza widelkami [1500.0..3200.0] - pomijam
  - bike-discount.de: 8448.53 PLN poza widelkami [1500.0..3200.0] - pomijam
  - lordgunbicycles.com: pomijam (blokada potwierdzona w tym runie)
  - spectrumbike.cz: 5390.82 PLN poza widelkami [1500.0..3200.0] - pomijam
  - mtbiker.cz: pomijam (blokada potwierdzona w tym runie)
  - kolokram.cz: niedostepny (outofstock)
  - probikeshop.fr: 10505.56 PLN poza widelkami [1500.0..3200.0] - pomijam
  - cyclescampus.com: waluta CAD poza dozwolonym regionem - pomijam
  - gambacicli.fr: pomijam (blokada potwierdzona w tym runie)
  - evolutionbikes.it: 13132.28 PLN poza widelkami [1500.0..3200.0] - pomijam
  - ridemore.fi: brak danych o cenie (typy na stronie: brak JSON-LD)
  - leendersfietsen.nl: niedostepny (outofstock)
  - twohoosierscyclery.com: waluta USD poza dozwolonym regionem - pomijam
  - bike24.de: pomijam (blokada potwierdzona w tym runie)
  - tnc-hamburg.com: 4595.94 PLN poza widelkami [1500.0..3200.0] - pomijam
  - bike-prof.de: brak danych o cenie (typy na stronie: brak JSON-LD)
  - 2wheels.pl: niedostepny (outofstock)
  - r2-bike.com: pomijam (blokada potwierdzona w tym runie)
  - bike-discount.de: 3677.06 PLN poza widelkami [1500.0..3200.0] - pomijam
  - bikesuperior.com: 14003.62 PLN poza widelkami [1500.0..3200.0] - pomijam
  - r2-bike.com: pomijam (blokada potwierdzona w tym runie)
  - cycling-parts.ch: 9342.25 PLN poza widelkami [1500.0..3200.0] - pomijam
  - actionsports.de: 5186.9 PLN poza widelkami [1500.0..3200.0] - pomijam
  - spoke.cz: 10169.04 PLN poza widelkami [1500.0..3200.0] - pomijam
  - raaad.de: niedostepny (outofstock)
  - bike24.de: pomijam (blokada potwierdzona w tym runie)
  - bike24.de: pomijam (blokada potwierdzona w tym runie)
  - bike-components.de: 8711.23 PLN poza widelkami [1500.0..3200.0] - pomijam
  - treefortbikes.com: waluta USD poza dozwolonym regionem - pomijam
  - bike24.com: pomijam (blokada potwierdzona w tym runie)
  - eastcitycycles.com: HTTP 404
  - evolutionbikes.it: niedostepny (outofstock)
  - strefasportu.pl: brak danych o cenie (typy na stronie: breadcrumblist, http://schema.org/product, onlinestore, product)
  - centrumrowerowe.pl: brak wymaganych slow (power meter) - pomijam
  - bike24.pl: pomijam (blokada potwierdzona w tym runie)
  - gambacicli.com: niedostepny (outofstock)
  - goride.pl: brak danych o cenie (typy na stronie: store)
  - bike24.pl: pomijam (blokada potwierdzona w tym runie)
  - rowerowaholandia.pl: brak wymaganych slow (sl, power meter) - pomijam
  - mammothbikes.com: brak wymaganych slow (power meter) - pomijam
  - synkros.pl: brak wymaganych slow (sl, power meter) - pomijam
  + 2wheels.pl: 2019.0 PLN = 2019.0 PLN [EAN niepotwierdzony]
  + rowerowaholandia.pl: 1926.99 PLN = 1926.99 PLN [EAN OK]
  - mb-fahrrad.de: 11000.61 PLN poza widelkami [1500.0..3200.0] - pomijam
  - ridewill.it: brak danych o cenie (typy na stronie: brak JSON-LD)
  - cingolanibikeshop.com: 4377.46 PLN poza widelkami [1500.0..3200.0] - pomijam
  - gambacicli.com: brak wymaganych slow (sl) - pomijam
  - nencinisport.it: pomijam (blokada potwierdzona w tym runie)
  - s1w.cz: brak wymaganych slow (sl, power meter) - pomijam
  - slapacikolo.cz: niedostepny (outofstock)
  - cyklozitny.cz: brak danych o cenie (typy na stronie: brak JSON-LD)
  - bikero.cz: niedostepny (outofstock)
  - wiflux.fr: brak danych o cenie (typy na stronie: organization)
  - komparzon.com: HTTP 503 (przegladarka tez nie przeszla)
  - fnac.com: pomijam (blokada potwierdzona w tym runie)
  - 123comparer.fr: brak danych o cenie (typy na stronie: breadcrumblist)
  - shopforgeek.com: brak wymaganych slow (xx, sl, power meter) - pomijam
  - fnac.com: pomijam (blokada potwierdzona w tym runie)
  - hangar15bicycles.com: waluta USD poza dozwolonym regionem - pomijam
  - wheatonscycle.com: waluta USD poza dozwolonym regionem - pomijam
  - spokex.com: waluta USD poza dozwolonym regionem - pomijam
  - ibksport.com: HTTP 404
  - ibkbike.com: HTTP 404
  - hollandbikeshop.com: waluta GBP poza dozwolonym regionem - pomijam
  - bikesuperior.com: 14003.62 PLN poza widelkami [1500.0..3200.0] - pomijam
  - thelostco.com: brak wymaganych slow (sl) - pomijam
  - wheelworld.com: waluta USD poza dozwolonym regionem - pomijam
  - brandscycle.com: brak danych o cenie (typy na stronie: breadcrumblist, organization, product)
  - racycles.com: waluta USD poza dozwolonym regionem - pomijam
  - velofactory.ch: pomijam (blokada potwierdzona w tym runie)
  - evolutionbikes.pl: 13239.97 PLN poza widelkami [1500.0..3200.0] - pomijam
  - mammothbikes.com: niedostepny (outofstock)
  - axit.cz: brak danych o cenie (typy na stronie: brak JSON-LD)
  - chrissports.ch: pomijam (blokada potwierdzona w tym runie)
  - jensonusa.com: pomijam (blokada potwierdzona w tym runie)
  - bikesonline.com: brak danych o cenie (typy na stronie: organization)
  - bikemart.com: brak danych o cenie (typy na stronie: organization)
  - en.wikipedia.org: brak danych o cenie (typy na stronie: article)
  - evolutionbikes.it: 13132.28 PLN poza widelkami [1500.0..3200.0] - pomijam
  - prontosoccorsoveterinarioroma.it: HTTP 404
  - ridewill.com: brak danych o cenie (typy na stronie: brak JSON-LD)
  - alltricks.nl: 9192.71 PLN poza widelkami [1500.0..3200.0] - pomijam
  - bike24.com: pomijam (blokada potwierdzona w tym runie)
  - bike24.lu: pomijam (blokada potwierdzona w tym runie)
  - bike24.at: pomijam (blokada potwierdzona w tym runie)
  - bike24.be: pomijam (blokada potwierdzona w tym runie)
  - bike24.pl: pomijam (blokada potwierdzona w tym runie)
  - bike24.fi: pomijam (blokada potwierdzona w tym runie)
  - bike24.lu: pomijam (blokada potwierdzona w tym runie)
  - bike24.at: pomijam (blokada potwierdzona w tym runie)
  - bike24.be: pomijam (blokada potwierdzona w tym runie)
  - bike24.nl: pomijam (blokada potwierdzona w tym runie)
  - bike24.com: pomijam (blokada potwierdzona w tym runie)
  - bike24.de: pomijam (blokada potwierdzona w tym runie)
  - bike24.de: pomijam (blokada potwierdzona w tym runie)
  - bike-components.de: 8711.23 PLN poza widelkami [1500.0..3200.0] - pomijam
  - bike-components.de: brak wymaganych slow (sl) - pomijam
  - mountainbike-parts.ch: brak danych o cenie (typy na stronie: breadcrumblist, website)
  - hollandbikeshop.com: 4377.28 PLN poza widelkami [1500.0..3200.0] - pomijam
  - powermetercity.com: pomijam (blokada potwierdzona w tym runie)
  - centrumrowerowe.pl: 9999.0 PLN poza widelkami [1500.0..3200.0] - pomijam
  - bike24.pl: pomijam (blokada potwierdzona w tym runie)
  - goride.pl: brak danych o cenie (typy na stronie: store)
  - bike-rs.pl: brak danych o cenie (typy na stronie: breadcrumblist, onlinestore)
  - trailheadcycling.com: brak danych o cenie (typy na stronie: bikestore, breadcrumblist, organization, product, website)
  - gambacicli.com: niedostepny (outofstock)
  - cyklozitny.cz: brak danych o cenie (typy na stronie: brak JSON-LD)
  - oebikes.ie: niedostepny (outofstock)
  - rotoruabike.fr: brak wymaganych slow (power meter) - pomijam
  - bike24.fr: pomijam (blokada potwierdzona w tym runie)
  - specializedrocklin.com: brak danych o cenie (typy na stronie: breadcrumblist, product)
  - chunkocycles.com: waluta USD poza dozwolonym regionem - pomijam
  - ibkbike.fr: HTTP 404
  - ibksport.eu: HTTP 404
  - racycles.com: waluta USD poza dozwolonym regionem - pomijam
  - biketiresdirect.com: brak wymaganych slow (xx, sl) - pomijam
  - montgomerycyclery.com: niedostepny (outofstock)
  - upzy.com: brak danych o cenie (typy na stronie: website)
  - rei.com: pomijam (blokada potwierdzona w tym runie)
  - competitivecyclist.com: HTTP 202
  - tnc-hamburg.com: brak danych o cenie (typy na stronie: brak JSON-LD)
  - weightweenies.starbike.com: pomijam (blokada potwierdzona w tym runie)
  - powermetercity.com: pomijam (blokada potwierdzona w tym runie)
  - powermetercity.com: pomijam (blokada potwierdzona w tym runie)
  - powermetercity.com: pomijam (blokada potwierdzona w tym runie)
  - bike-components.de: 8711.23 PLN poza widelkami [1500.0..3200.0] - pomijam
  - rideoutpr.com: waluta USD poza dozwolonym regionem - pomijam
  - bike-components.de: 8711.23 PLN poza widelkami [1500.0..3200.0] - pomijam
  - summitbicycles.com: waluta USD poza dozwolonym regionem - pomijam
  - summitbicycles.com: waluta USD poza dozwolonym regionem - pomijam
  - powermetercity.com: pomijam (blokada potwierdzona w tym runie)
  - theproscloset.com: niedostepny (outofstock)
  - powermetercity.com: pomijam (blokada potwierdzona w tym runie)
  + wheelproject.com: 419.0 EUR = 1834.17 PLN [EAN niepotwierdzony]
  - cyclingweb.nl: HTTP 403 (przegladarka tez nie przeszla)
  - bike-mailorder.com: 8150.47 PLN poza widelkami [1500.0..3200.0] - pomijam
  - bikeimport.ch: brak danych o cenie (typy na stronie: breadcrumblist, organization)
  - probikeshop.fr: 10286.69 PLN poza widelkami [1500.0..3200.0] - pomijam
  - bike24.lu: pomijam (blokada potwierdzona w tym runie)
  - bike24.be: pomijam (blokada potwierdzona w tym runie)
  - bike24.fr: pomijam (blokada potwierdzona w tym runie)
  - powermetercity.com: pomijam (blokada potwierdzona w tym runie)
  - rowertour.com: brak wymaganych slow (power meter) - pomijam
  - rowertour.com: brak wymaganych slow (power meter) - pomijam
  - bike24.es: pomijam (blokada potwierdzona w tym runie)
  - fanatikbike.com: brak wymaganych slow (power meter) - pomijam
  - fanatikbike.com: brak wymaganych slow (power meter) - pomijam
  - deporvillage.pl: pomijam (blokada potwierdzona w tym runie)
  - rowertour.com: brak wymaganych slow (power meter) - pomijam
  - rowertour.com: brak wymaganych slow (power meter) - pomijam
  - rowertour.com: brak wymaganych slow (sl, power meter) - pomijam
  - rowertour.com: brak danych o cenie (typy na stronie: breadcrumblist, itemlist, webpage)
  - rowertour.com: brak wymaganych slow (sl, power meter) - pomijam
  - centrumrowerowe.pl: 9999.0 PLN poza widelkami [1500.0..3200.0] - pomijam
  - rowertour.com: brak danych o cenie (typy na stronie: breadcrumblist, itemlist, webpage)
  - rowertour.com: brak wymaganych slow (xx, sl, power meter) - pomijam
  - centrumrowerowe.pl: brak wymaganych slow (xx, sl, power meter) - pomijam
  - rowertour.com: brak wymaganych slow (sl, power meter) - pomijam
  - rowertour.com: brak wymaganych slow (sl, power meter) - pomijam
  - rowertour.com: brak danych o cenie (typy na stronie: breadcrumblist, itemlist, webpage)
  - rowertour.com: brak danych o cenie (typy na stronie: breadcrumblist, itemlist, webpage)
  - rowertour.com: brak danych o cenie (typy na stronie: breadcrumblist, itemlist, webpage)
  - rowertour.com: brak danych o cenie (typy na stronie: breadcrumblist, itemlist, webpage)
  - centrumrowerowe.pl: brak wymaganych slow (sl, power meter) - pomijam
  - centrumrowerowe.pl: brak wymaganych slow (xx, sl) - pomijam
  - centrumrowerowe.pl: brak wymaganych slow (xx, sl) - pomijam
  - centrumrowerowe.pl: brak wymaganych slow (xx, sl, power meter) - pomijam
  - walmart.com: brak danych o cenie (typy na stronie: webpage)
  - excelsports.com: brak wymaganych slow (xx, sl) - pomijam
  - landrys.com: waluta USD poza dozwolonym regionem - pomijam
  - spotbikes.com: niedostepny (outofstock)
  - sledshedshop.com: HTTP 404
  - benscycle.com: waluta USD poza dozwolonym regionem - pomijam
  - meridian-cycles.com: brak danych o cenie (typy na stronie: organization, website)
  - litwalumcreek.com: waluta USD poza dozwolonym regionem - pomijam
  - mikesbikes.com: brak wymaganych slow (xx, sl) - pomijam
  - thelostco.com: waluta USD poza dozwolonym regionem - pomijam
  - modernbike.com: waluta USD poza dozwolonym regionem - pomijam
  - sledshedshop.com: HTTP 404
  - kingcyclesport.com: HTTP 403 (przegladarka tez nie przeszla)
  - racycles.com: waluta USD poza dozwolonym regionem - pomijam
  - cyklomania.pl: brak danych o cenie (typy na stronie: brak JSON-LD)
  - cyklomania.pl: HTTP 404
  - katalog.bikeworld.pl: brak danych o cenie (typy na stronie: brak JSON-LD)
  - erowery.pl: blad pobierania (ConnectionError)
  - mtbiker.pl: pomijam (blokada potwierdzona w tym runie)
  - rowertour.com: brak danych o cenie (typy na stronie: breadcrumblist, itemlist, webpage)
  - cyklomania.pl: HTTP 404
  - ccache.cc: brak wymaganych slow (sl) - pomijam
  - laurelcyclery.com: waluta USD poza dozwolonym regionem - pomijam
  - spokex.com: waluta USD poza dozwolonym regionem - pomijam
  - thundermountainbikes.com: niedostepny (outofstock)
  - rowertour.com: brak wymaganych slow (power meter) - pomijam
  - rowertour.com: brak wymaganych slow (sl, power meter) - pomijam
  - outlet.wheelandsprocket.com: niedostepny (outofstock)
  - pelicancycleworks.com: niedostepny (outofstock)
  - backcountry.com: HTTP 202
  - mapquest.com: HTTP 202
  - mapquest.com: HTTP 202
  - cbinsights.com: brak danych o cenie (typy na stronie: breadcrumblist, corporation, profilepage)
  - mapquest.com: HTTP 202
  - bike-components.de: 3979.15 PLN poza widelkami [1500.0..3200.0] - pomijam
  - bike-components.de: 3979.15 PLN poza widelkami [1500.0..3200.0] - pomijam
  - bike-components.de: 3979.15 PLN poza widelkami [1500.0..3200.0] - pomijam
  - mapquest.com: HTTP 202
  + erli.pl: 1699.0 PLN = 1699.0 PLN [EAN niepotwierdzony]
  - centrumrowerowe.pl: brak wymaganych slow (power meter) - pomijam
  - bikeparts.com: brak danych o cenie (typy na stronie: brak JSON-LD)
  - redrockbicycle.com: waluta USD poza dozwolonym regionem - pomijam
  - bikeparts.com: brak danych o cenie (typy na stronie: brak JSON-LD)
  - hummibikes.com: HTTP 404
  - hollandbikeshop.com: brak danych o cenie (typy na stronie: breadcrumblist, collectionpage)
  - worldwidecyclery.com: brak danych o cenie (typy na stronie: breadcrumblist, localbusiness, organization)
  - worldwidecyclery.com: brak danych o cenie (typy na stronie: breadcrumblist, localbusiness, organization)
  - ridewill.com: HTTP 404
  - worldwidecyclery.com: brak danych o cenie (typy na stronie: breadcrumblist, localbusiness, organization)
  - worldwidecyclery.com: brak danych o cenie (typy na stronie: breadcrumblist, localbusiness, organization)
  - worldwidecyclery.com: brak danych o cenie (typy na stronie: breadcrumblist, localbusiness, organization)
  - worldwidecyclery.com: brak danych o cenie (typy na stronie: breadcrumblist, localbusiness, organization)
  - worldwidecyclery.com: brak danych o cenie (typy na stronie: breadcrumblist, localbusiness, organization)
  - starbike.com: HTTP 404
  - en.wikipedia.org: brak danych o cenie (typy na stronie: article)
  - en.wikipedia.org: brak danych o cenie (typy na stronie: article)
  - cbinsights.com: brak danych o cenie (typy na stronie: breadcrumblist, corporation, faqpage, profilepage)
  - marketbeat.com: brak danych o cenie (typy na stronie: brak JSON-LD)
  - cbinsights.com: brak danych o cenie (typy na stronie: breadcrumblist, corporation, profilepage)
  - coinmarketcap.com: brak danych o cenie (typy na stronie: breadcrumblist, faqpage)
  - hollandbikeshop.com: 4156.93 PLN poza widelkami [1500.0..3200.0] - pomijam
  - jensonusa.com: pomijam (blokada potwierdzona w tym runie)
  - syracusebicycle.com: brak danych o cenie (typy na stronie: brak JSON-LD)
  - syracusebicycle.com: brak danych o cenie (typy na stronie: brak JSON-LD)
  - thundermountainbikes.com: waluta USD poza dozwolonym regionem - pomijam
  - thundermountainbikes.com: waluta USD poza dozwolonym regionem - pomijam
  - thundermountainbikes.com: niedostepny (outofstock)
  - bike-rs.pl: brak danych o cenie (typy na stronie: brak JSON-LD)
[MONITOR] GARBARUK-40T-AERO: sprawdzam 394 URL-i (wariant: 40)
  - maxwarehouse.com: brak wymaganych slow (garbaruk, aero) - pomijam
  - homedepot.com: pomijam (blokada potwierdzona w tym runie)
  - lowes.com: HTTP 403 (przegladarka tez nie przeszla)
  - lowes.com: pomijam (blokada potwierdzona w tym runie)
  - belk.com: HTTP 403 (przegladarka tez nie przeszla)
  - lowes.com: pomijam (blokada potwierdzona w tym runie)
  - homedepot.com: pomijam (blokada potwierdzona w tym runie)
  - lowes.com: pomijam (blokada potwierdzona w tym runie)
  - lowes.com: pomijam (blokada potwierdzona w tym runie)
  - walmart.com: brak danych o cenie (typy na stronie: webpage)
  - planetearthgardensupply.com: brak wymaganych slow (garbaruk, aero) - pomijam
  - lowes.com: pomijam (blokada potwierdzona w tym runie)
  - lowes.com: pomijam (blokada potwierdzona w tym runie)
  - lowes.com: pomijam (blokada potwierdzona w tym runie)
  - homedepot.com: pomijam (blokada potwierdzona w tym runie)
  - farmandhomesupply.com: brak wymaganych slow (garbaruk, aero) - pomijam
  - siteone.com: brak danych o cenie (typy na stronie: breadcrumblist)
  - mscdirect.com: brak danych o cenie (typy na stronie: brak JSON-LD)
  - powermetercity.com: pomijam (blokada potwierdzona w tym runie)
  ~ garbaruk.com: brak ceny, ale znalazlem 3 link(i) produktowe - sprawdzam
  ~ garbaruk.com: brak ceny, ale znalazlem 3 link(i) produktowe - sprawdzam
  - garbaruk.com: brak danych o cenie (typy na stronie: brak JSON-LD)
  - global.garbaruk.com: brak danych o cenie (typy na stronie: brak JSON-LD)
  - starbike.com: HTTP 404
  - garbaruk.com: brak danych o cenie (typy na stronie: brak JSON-LD)
  - alugear.com: brak wymaganych slow (garbaruk) - pomijam
  - bike-components.de: brak danych o cenie (typy na stronie: breadcrumblist, itemlist, website)
  - r2-bike.com: pomijam (blokada potwierdzona w tym runie)
  - garbaruk.com: brak danych o cenie (typy na stronie: brak JSON-LD)
  - hammerandhowl.com: waluta USD poza dozwolonym regionem - pomijam
  - bike24.com: pomijam (blokada potwierdzona w tym runie)
  - garbaruk.com: brak danych o cenie (typy na stronie: brak JSON-LD)
  - garbaruk.com: brak danych o cenie (typy na stronie: brak JSON-LD)
  - tradeinn.com: brak danych o cenie (typy na stronie: breadcrumblist, itemlist, organization)
  - competitivecyclist.com: HTTP 202
  - cyklomania.pl: brak danych o cenie (typy na stronie: brak JSON-LD)
  - garbaruk.com: brak danych o cenie (typy na stronie: brak JSON-LD)
  - traversbikes.com: brak danych o cenie (typy na stronie: article, bicyclestore, localbusiness)
  - bike24.com: pomijam (blokada potwierdzona w tym runie)
  - garbaruk.com: brak danych o cenie (typy na stronie: brak JSON-LD)
  - powermetercity.com: pomijam (blokada potwierdzona w tym runie)
  - bike24.com: pomijam (blokada potwierdzona w tym runie)
  - levelninesports.com: HTTP 202
  - competitivecyclist.com: HTTP 202
  - backcountry.com: HTTP 202
  - powermetercity.com: pomijam (blokada potwierdzona w tym runie)
  - wlw.de: brak danych o cenie (typy na stronie: brak JSON-LD)
  - pl.kompass.com: HTTP 403 (przegladarka tez nie przeszla)
  - europages.pl: brak danych o cenie (typy na stronie: breadcrumblist, organization, profilepage, webpage, website)
  - heizungsdiscount24.de: brak wymaganych slow (garbaruk, aero) - pomijam
  - galaxus.de: pomijam (blokada potwierdzona w tym runie)
  - pl.kompass.com: pomijam (blokada potwierdzona w tym runie)
  - ipublimar.pl: HTTP 403 (przegladarka tez nie przeszla)
  - europages.pl: brak danych o cenie (typy na stronie: breadcrumblist, organization, profilepage, webpage, website)
  - gowork.pl: HTTP 403 (przegladarka tez nie przeszla)
  - krs-pobierz.pl: brak danych o cenie (typy na stronie: brak JSON-LD)
  - gowork.pl: pomijam (blokada potwierdzona w tym runie)
  - krs-pobierz.pl: brak danych o cenie (typy na stronie: brak JSON-LD)
  + podobne-firmy.pl: blokada ominieta headless Chromium
  - podobne-firmy.pl: brak danych o cenie (typy na stronie: brak JSON-LD)
  - it.kompass.com: HTTP 403 (przegladarka tez nie przeszla)
  - europages.it: brak danych o cenie (typy na stronie: breadcrumblist, organization, profilepage, webpage, website)
  - farmae.it: brak wymaganych slow (garbaruk, aero) - pomijam
  - pharmapiu.it: brak danych o cenie (typy na stronie: brak JSON-LD)
  - bell-italia.com: brak danych o cenie (typy na stronie: brak JSON-LD)
  - marchiol.com: brak danych o cenie (typy na stronie: brak JSON-LD)
  - redcare.it: brak danych o cenie (typy na stronie: breadcrumblist, organization, website)
  - kompass.com: HTTP 403 (przegladarka tez nie przeszla)
  - prezzo.it: brak danych o cenie (typy na stronie: brak JSON-LD)
  - obchod.favia.cz: brak danych o cenie (typy na stronie: brak JSON-LD)
  - nakupdomu.cz: brak danych o cenie (typy na stronie: brak JSON-LD)
  - batacz.cz: HTTP 403 (przegladarka tez nie przeszla)
  - diskontdrogerie.cz: brak danych o cenie (typy na stronie: brak JSON-LD)
  - gamacz.cz: brak danych o cenie (typy na stronie: brak JSON-LD)
  - gama-naradi.cz: brak danych o cenie (typy na stronie: brak JSON-LD)
  - drogerka24.cz: brak danych o cenie (typy na stronie: product)
  - mitap.cz: brak danych o cenie (typy na stronie: brak JSON-LD)
  - az-kuchyn.cz: brak danych o cenie (typy na stronie: brak JSON-LD)
  - shop.dece.cz: blad pobierania (ConnectionError)
  - annuaire-entreprises.data.gouv.fr: brak danych o cenie (typy na stronie: brak JSON-LD)
  - leroymerlin.fr: HTTP 403 (przegladarka tez nie przeszla)
  - rappel.conso.gouv.fr: brak danych o cenie (typy na stronie: brak JSON-LD)
  ! przegladarka: blad (Error) - restart Chromium
  - galaxus.fr: HTTP 403 (przegladarka tez nie przeszla)
[BROWSER] Start headless Chromium (fallback na blokady botow)
  - fr.kompass.com: HTTP 403 (przegladarka tez nie przeszla)
  - kstools.fr: brak wymaganych slow (garbaruk, aero) - pomijam
  - secomp.fr: brak danych o cenie (typy na stronie: brak JSON-LD)
  - maxoutil.com: HTTP 403 (przegladarka tez nie przeszla)
  - sonepar.fr: brak danych o cenie (typy na stronie: organization)
  - miamland.com: brak danych o cenie (typy na stronie: breadcrumblist, product)
  - alfadyser.es: brak danych o cenie (typy na stronie: brak JSON-LD)
  - cincodias.elpais.com: brak danych o cenie (typy na stronie: brak JSON-LD)
  - empresite.eleconomista.es: brak danych o cenie (typy na stronie: webpage)
  - es.kompass.com: HTTP 405
  - mastercadena.es: brak wymaganych slow (garbaruk, aero) - pomijam
  - elmaestrodelailuminacion.es: brak wymaganych slow (garbaruk, aero) - pomijam
  - fnac.es: HTTP 403 (przegladarka tez nie przeszla)
  - worten.es: HTTP 403 (przegladarka tez nie przeszla)
  - carrefour.es: HTTP 403 (przegladarka tez nie przeszla)
  - cincodias.elpais.com: HTTP 403 (przegladarka tez nie przeszla)
  - bol.com: HTTP 403 (przegladarka tez nie przeszla)
  ! przegladarka: blad (Error) - restart Chromium
  - galaxus.nl: HTTP 403 (przegladarka tez nie przeszla)
  - elektroshop.nl: blad pobierania (SSLError)
[BROWSER] Start headless Chromium (fallback na blokady botow)
  + tweakers.net: blokada ominieta headless Chromium
  - tweakers.net: brak danych o cenie (typy na stronie: brak JSON-LD)
  - galaxus.nl: pomijam (blokada potwierdzona w tym runie)
  - elektroshop.nl: blad pobierania (SSLError)
  - bol.com: pomijam (blokada potwierdzona w tym runie)
  - eibabo.nl: brak wymaganych slow (garbaruk, aero) - pomijam
  - toolsxl.nl: HTTP 403 (przegladarka tez nie przeszla)
  + beastmotoren.nl: blokada ominieta headless Chromium
  - beastmotoren.nl: brak wymaganych slow (garbaruk, aero) - pomijam
  - homedepot.com: pomijam (blokada potwierdzona w tym runie)
  - target.com: brak danych o cenie (typy na stronie: brak JSON-LD)
  - homedepot.com: pomijam (blokada potwierdzona w tym runie)
  - lowes.com: pomijam (blokada potwierdzona w tym runie)
  - walmart.com: brak danych o cenie (typy na stronie: webpage)
  - lowes.com: pomijam (blokada potwierdzona w tym runie)
  - powermetercity.com: pomijam (blokada potwierdzona w tym runie)
  - bike-components.de: brak danych o cenie (typy na stronie: breadcrumblist, itemlist, website)
  - bike24.com: pomijam (blokada potwierdzona w tym runie)
  - garbaruk.com: brak danych o cenie (typy na stronie: brak JSON-LD)
  - r2-bike.com: pomijam (blokada potwierdzona w tym runie)
  - bike24.com: pomijam (blokada potwierdzona w tym runie)
  - garbaruk.com: brak danych o cenie (typy na stronie: brak JSON-LD)
  - mammothbikes.com: niedostepny (outofstock)
  - bike24.nl: pomijam (blokada potwierdzona w tym runie)
  - garbaruk.com: brak danych o cenie (typy na stronie: brak JSON-LD)
  - bike24.de: pomijam (blokada potwierdzona w tym runie)
  - r2-bike.com: pomijam (blokada potwierdzona w tym runie)
  - bike-components.de: brak wariantu '40' wsrod ofert - pomijam
  + mammothbikes.com: 101.99 EUR = 446.46 PLN [wariant 40 NIEZWERYFIKOWANY - cena zbiorcza] [EAN niepotwierdzony]
  + sm-parts.net: 88.24 EUR = 386.27 PLN [wariant 40 dopasowany] [EAN niepotwierdzony]
  - sahadevafoundation.com: brak danych o cenie (typy na stronie: brak JSON-LD)
  - garbaruk.com: brak danych o cenie (typy na stronie: brak JSON-LD)
  - garbaruk.com: brak danych o cenie (typy na stronie: brak JSON-LD)
  - cyklomania.pl: brak danych o cenie (typy na stronie: brak JSON-LD)
  - protocycles.pl: brak danych o cenie (typy na stronie: breadcrumblist)
  - bike24.pl: pomijam (blokada potwierdzona w tym runie)
  - bike24.com: pomijam (blokada potwierdzona w tym runie)
  - axevotech.eu: HTTP 403 (przegladarka tez nie przeszla)
  - pepebike.cz: niedostepny (outofstock)
  - protocycles.cz: niedostepny (outofstock)
  - bikepart.cz: brak danych o cenie (typy na stronie: brak JSON-LD)
  - garbaruk.com: brak danych o cenie (typy na stronie: brak JSON-LD)
  - garbaruk.com: brak danych o cenie (typy na stronie: brak JSON-LD)
  - r2-bike.com: pomijam (blokada potwierdzona w tym runie)
  - tradeinn.com: brak danych o cenie (typy na stronie: faqpage, organization, webpage)
  - fabreguesbicicletas.com: pomijam (blokada potwierdzona w tym runie)
  + mammothbikes.com: 82.99 EUR = 363.29 PLN [wariant 40 dopasowany] [EAN niepotwierdzony]
  - cyklomania.pl: brak danych o cenie (typy na stronie: brak JSON-LD)
  - cyklomania.pl: brak danych o cenie (typy na stronie: brak JSON-LD)
  - cyklomania.pl: brak danych o cenie (typy na stronie: brak JSON-LD)
  - garbaruk.com: brak danych o cenie (typy na stronie: brak JSON-LD)
  - cyklomania.pl: brak danych o cenie (typy na stronie: brak JSON-LD)
  - garbaruk.com: brak danych o cenie (typy na stronie: brak JSON-LD)
  + kotnik.shop: 114.0 EUR = 499.04 PLN [wariant 40 NIEZWERYFIKOWANY - cena zbiorcza] [EAN niepotwierdzony]
  - r2-bike.com: pomijam (blokada potwierdzona w tym runie)
  - kleinanzeigen.de: brak danych o cenie (typy na stronie: imageobject, website)
  - suicycle-store.com: brak wymaganych slow (aero) - pomijam
  + derbaranski.shop: 66.55 EUR = 291.32 PLN [wariant 40 dopasowany] [EAN niepotwierdzony]
  - bike24.lu: pomijam (blokada potwierdzona w tym runie)
  - tradeinn.com: brak danych o cenie (typy na stronie: faqpage, organization, webpage)
  - sm-parts.net: brak danych o cenie (typy na stronie: breadcrumblist)
  - bike24.at: pomijam (blokada potwierdzona w tym runie)
  - bike24.lu: pomijam (blokada potwierdzona w tym runie)
  - bike24.de: pomijam (blokada potwierdzona w tym runie)
  - bike24.de: pomijam (blokada potwierdzona w tym runie)
  - bike24.de: pomijam (blokada potwierdzona w tym runie)
  - bike24.at: pomijam (blokada potwierdzona w tym runie)
  - bike24.de: pomijam (blokada potwierdzona w tym runie)
  - bike24.lu: pomijam (blokada potwierdzona w tym runie)
  - bike24.de: pomijam (blokada potwierdzona w tym runie)
  - bike24.de: pomijam (blokada potwierdzona w tym runie)
  - bike24.at: pomijam (blokada potwierdzona w tym runie)
  - bike24.de: pomijam (blokada potwierdzona w tym runie)
  - bike24.be: pomijam (blokada potwierdzona w tym runie)
  - bike24.at: pomijam (blokada potwierdzona w tym runie)
  - bike24.at: pomijam (blokada potwierdzona w tym runie)
  - bike24.at: pomijam (blokada potwierdzona w tym runie)
  - bike24.nl: pomijam (blokada potwierdzona w tym runie)
  - bike24.de: pomijam (blokada potwierdzona w tym runie)
  - kleinanzeigen.de: brak danych o cenie (typy na stronie: imageobject, website)
  - intermotors.pl: HTTP 403 (przegladarka tez nie przeszla)
  - pl.kompass.com: pomijam (blokada potwierdzona w tym runie)
  - pancernik.eu: brak danych o cenie (typy na stronie: brak JSON-LD)
  - kaufland.pl: HTTP 403 (przegladarka tez nie przeszla)
  - pajm.pl: brak wymaganych slow (garbaruk, aero) - pomijam
  - beko.com: HTTP 403 (przegladarka tez nie przeszla)
  - atelo.pl: brak danych o cenie (typy na stronie: brak JSON-LD)
  - pl.rs-online.com: HTTP 403 (przegladarka tez nie przeszla)
  - perfectplus.com.pl: HTTP 404
  - lampy.pl: brak wymaganych slow (garbaruk, aero) - pomijam
  - sklep.elektrospark.pl: brak wymaganych slow (garbaruk, aero) - pomijam
  - taniaksiazka.pl: brak wymaganych slow (garbaruk, aero) - pomijam
  + prezzifarmaco.it: blokada ominieta headless Chromium
  - prezzifarmaco.it: brak danych o cenie (typy na stronie: breadcrumblist, product)
  - apsaccessori.it: brak danych o cenie (typy na stronie: organization)
  - digitalbayshop.it: brak danych o cenie (typy na stronie: brak JSON-LD)
  - farmae.it: brak wymaganych slow (garbaruk, aero) - pomijam
  - bell-italia.com: brak danych o cenie (typy na stronie: brak JSON-LD)
  - fni.it: brak wymaganych slow (garbaruk, aero) - pomijam
  - shop.cec.com: HTTP 403 (przegladarka tez nie przeszla)
  - pharmasi.it: brak wymaganych slow (garbaruk, aero) - pomijam
  - diskontdrogerie.cz: brak danych o cenie (typy na stronie: brak JSON-LD)
  - topenilevne.cz: brak danych o cenie (typy na stronie: breadcrumblist, itemlist, organization, website)
  - elektro-produkt.cz: HTTP 403 (przegladarka tez nie przeszla)
  - api.rexel.fr: brak danych o cenie (typy na stronie: brak JSON-LD)
  - fnac.com: pomijam (blokada potwierdzona w tym runie)
  - vidal.fr: brak danych o cenie (typy na stronie: drug)
  - castorama.fr: brak wymaganych slow (garbaruk, aero) - pomijam
  - carrefour.fr: pomijam (blokada potwierdzona w tym runie)
  - kaufland.fr: HTTP 403 (przegladarka tez nie przeszla)
  - worten.es: pomijam (blokada potwierdzona w tym runie)
  - cincodias.elpais.com: pomijam (blokada potwierdzona w tym runie)
  - rossellimac.es: brak wymaganych slow (garbaruk, aero) - pomijam
  - worten.es: pomijam (blokada potwierdzona w tym runie)
  - galaxus.nl: pomijam (blokada potwierdzona w tym runie)
  - nl.kompass.com: HTTP 405
  + tweakers.net: blokada ominieta headless Chromium
  - tweakers.net: brak wymaganych slow (garbaruk, aero) - pomijam
  - bol.com: pomijam (blokada potwierdzona w tym runie)
  - walmart.com: brak danych o cenie (typy na stronie: webpage)
  - lowes.com: pomijam (blokada potwierdzona w tym runie)
  - lowes.com: pomijam (blokada potwierdzona w tym runie)
  - homedepot.com: pomijam (blokada potwierdzona w tym runie)
  - lowes.com: pomijam (blokada potwierdzona w tym runie)
  - lowes.com: pomijam (blokada potwierdzona w tym runie)
  - lowes.com: pomijam (blokada potwierdzona w tym runie)
  - lowes.com: pomijam (blokada potwierdzona w tym runie)
  - garbaruk.com: brak danych o cenie (typy na stronie: brak JSON-LD)
  - garbaruk.com: brak danych o cenie (typy na stronie: brak JSON-LD)
  + bikepart.cz: 2390.0 CZK = 429.48 PLN [wariant 40 NIEZWERYFIKOWANY - cena zbiorcza] [EAN niepotwierdzony]
  - lordgunbicycles.com: pomijam (blokada potwierdzona w tym runie)
  + centrumrowerowe.pl: 359.99 PLN = 359.99 PLN [wariant 40 NIEZWERYFIKOWANY - cena zbiorcza] [EAN niepotwierdzony]
  - garbaruk.com: brak danych o cenie (typy na stronie: brak JSON-LD)
  - cyklomania.pl: brak danych o cenie (typy na stronie: brak JSON-LD)
  - garbaruk.com: brak danych o cenie (typy na stronie: brak JSON-LD)
  - axevotech.eu: pomijam (blokada potwierdzona w tym runie)
  - axevotech.eu: pomijam (blokada potwierdzona w tym runie)
  - gravelingreview.com: brak danych o cenie (typy na stronie: article, organization)
  - bike24.com: pomijam (blokada potwierdzona w tym runie)
  - powermetercity.com: pomijam (blokada potwierdzona w tym runie)
  - bike24.pl: pomijam (blokada potwierdzona w tym runie)
  - powermetercity.com: pomijam (blokada potwierdzona w tym runie)
  - bike24.pl: pomijam (blokada potwierdzona w tym runie)
  - bike24.fr: pomijam (blokada potwierdzona w tym runie)
  - bike24.es: pomijam (blokada potwierdzona w tym runie)
  - hap.pl: HTTP 503 (przegladarka tez nie przeszla)
  - bike24.com: pomijam (blokada potwierdzona w tym runie)
  - tradeinn.com: brak danych o cenie (typy na stronie: itemlist, organization)
  - bike24.lu: pomijam (blokada potwierdzona w tym runie)
  - bike24.fi: pomijam (blokada potwierdzona w tym runie)
  + mammothbikes.com: 81.34 EUR = 356.07 PLN [wariant 40 NIEZWERYFIKOWANY - cena zbiorcza] [EAN niepotwierdzony]
  + mammothbikes.com: 85.18 EUR = 372.88 PLN [wariant 40 NIEZWERYFIKOWANY - cena zbiorcza] [EAN niepotwierdzony]
  - bike-components.de: brak wariantu '40' wsrod ofert - pomijam
  - garbaruk.com: brak danych o cenie (typy na stronie: brak JSON-LD)
  - bike-components.de: brak wariantu '40' wsrod ofert - pomijam
  - sm-parts.net: brak wariantu '40' wsrod ofert - pomijam
  - 17track.net: HTTP 500
  - barcodelookup.com: HTTP 403 (przegladarka tez nie przeszla)
  - go-upc.com: brak danych o cenie (typy na stronie: brak JSON-LD)
  - trackingmore.com: brak danych o cenie (typy na stronie: brak JSON-LD)
  - grabagun.com: HTTP 403 (przegladarka tez nie przeszla)
  - krs-pobierz.pl: brak danych o cenie (typy na stronie: brak JSON-LD)
  - gowork.pl: pomijam (blokada potwierdzona w tym runie)
  - aleo.com: HTTP 403 (przegladarka tez nie przeszla)
  - krs-online.com.pl: brak danych o cenie (typy na stronie: localbusiness)
  - gowork.pl: pomijam (blokada potwierdzona w tym runie)
  - biznesfinder.pl: brak danych o cenie (typy na stronie: breadcrumblist, faqpage, localbusiness, website)
  - owg.pl: blad pobierania (SSLError)
  - europages.it: brak danych o cenie (typy na stronie: breadcrumblist, organization, profilepage, webpage, website)
  - atoka.io: brak danych o cenie (typy na stronie: breadcrumblist)
  - farmae.it: brak wymaganych slow (garbaruk, aero) - pomijam
  - discotecalaziale.com: brak wymaganych slow (garbaruk, aero) - pomijam
  - farmacialoreto.it: brak wymaganych slow (garbaruk, aero) - pomijam
  - bikeinside.org: brak wymaganych slow (garbaruk, aero) - pomijam
  - en.firmy.cz: brak danych o cenie (typy na stronie: localbusiness, website)
  - searchtest.seznam.cz: brak danych o cenie (typy na stronie: brak JSON-LD)
  - policie.gov.cz: brak danych o cenie (typy na stronie: brak JSON-LD)
  - nrpzs.uzis.cz: blad pobierania (ConnectTimeout)
  - rejstrik-firem.kurzy.cz: brak danych o cenie (typy na stronie: brak JSON-LD)
  - mapy.com: brak danych o cenie (typy na stronie: brak JSON-LD)
  - cz.kompass.com: HTTP 405
  - cpa.cz: brak danych o cenie (typy na stronie: brak JSON-LD)
  - carrefour.fr: pomijam (blokada potwierdzona w tym runie)
  - claudebernard.fr: brak danych o cenie (typy na stronie: brak JSON-LD)
  - leroymerlin.es: HTTP 403 (przegladarka tez nie przeszla)
  - cincodias.elpais.com: pomijam (blokada potwierdzona w tym runie)
  - acae.es: blad pobierania (SSLError)
  - euroelectronics.eu: brak danych o cenie (typy na stronie: brak JSON-LD)
  - expansion.com: brak danych o cenie (typy na stronie: breadcrumblist, localbusiness)
  - empresite.eleconomista.es: brak danych o cenie (typy na stronie: webpage)
  - axesor.es: brak danych o cenie (typy na stronie: breadcrumblist, faqpage, itemlist, organization, sitenavigationelement)
  - einforma.com: brak danych o cenie (typy na stronie: breadcrumblist, faqpage, organization, webpage)
  - ranking-empresas.lasprovincias.es: brak danych o cenie (typy na stronie: localbusiness, newsarticle, webpage)
  - datoscif.es: brak danych o cenie (typy na stronie: brak JSON-LD)
  - schuurman-et.nl: blad pobierania (SSLError)
  - mdhelektroshop.nl: brak wymaganych slow (garbaruk, aero) - pomijam
  - elektroshop.nl: blad pobierania (SSLError)
  - bol.com: pomijam (blokada potwierdzona w tym runie)
  - elektramat.nl: brak wymaganych slow (garbaruk, aero) - pomijam
  - bruneau.nl: HTTP 403 (przegladarka tez nie przeszla)
  - siteone.com: brak danych o cenie (typy na stronie: breadcrumblist)
  - walmart.com: HTTP 404
  - buycott.com: brak danych o cenie (typy na stronie: brand, breadcrumblist, faqpage)
  - lowes.com: pomijam (blokada potwierdzona w tym runie)
  - jomashop.com: brak danych o cenie (typy na stronie: brak JSON-LD)
  - lowes.com: pomijam (blokada potwierdzona w tym runie)
  - lowes.com: pomijam (blokada potwierdzona w tym runie)
  - r2-bike.com: pomijam (blokada potwierdzona w tym runie)
  - bike-components.de: brak wymaganych slow (aero) - pomijam
  - competitivecyclist.com: HTTP 202
  - bike24.de: pomijam (blokada potwierdzona w tym runie)
  - strefasportu.pl: brak danych o cenie (typy na stronie: breadcrumblist, http://schema.org/product, onlinestore, product)
  - tradeinn.com: brak danych o cenie (typy na stronie: faqpage, organization, webpage)
  - r2-bike.com: pomijam (blokada potwierdzona w tym runie)
  - bike-components.de: brak wariantu '40' wsrod ofert - pomijam
  + derbaranski.shop: 66.55 EUR = 291.32 PLN [wariant 40 dopasowany] [EAN niepotwierdzony]
  - bike-components.de: brak wariantu '40' wsrod ofert - pomijam
  - garbaruk.com: brak danych o cenie (typy na stronie: brak JSON-LD)
  - lordgun.com: pomijam (blokada potwierdzona w tym runie)
  - powermetercity.com: pomijam (blokada potwierdzona w tym runie)
  - sm-parts.net: brak danych o cenie (typy na stronie: breadcrumblist)
  - cyklomania.pl: brak danych o cenie (typy na stronie: brak JSON-LD)
  - r2-bike.com: pomijam (blokada potwierdzona w tym runie)
  - eveandersson.com: brak danych o cenie (typy na stronie: brak JSON-LD)
  - 17track.net: HTTP 500
  - zwieger.pl: HTTP 404
  - okcaller.com: HTTP 500
  - camelcamelcamel.com: HTTP 403 (przegladarka tez nie przeszla)
  - werth-metrology.com: brak danych o cenie (typy na stronie: brak JSON-LD)
  - axevotech.eu: pomijam (blokada potwierdzona w tym runie)
  - r2-bike.com: pomijam (blokada potwierdzona w tym runie)
  - axevotech.eu: pomijam (blokada potwierdzona w tym runie)
  - axevotech.eu: pomijam (blokada potwierdzona w tym runie)
  - r2-bike.com: pomijam (blokada potwierdzona w tym runie)
  - tormino.com: brak wymaganych slow (aero) - pomijam
  - starbike.com: HTTP 404
  - bike24.de: pomijam (blokada potwierdzona w tym runie)
  - kleinanzeigen.de: brak danych o cenie (typy na stronie: imageobject, website)
  - kleinanzeigen.de: brak danych o cenie (typy na stronie: imageobject, website)
  - starbike.com: HTTP 404
  - sm-parts.net: brak danych o cenie (typy na stronie: breadcrumblist)
  - bike-components.de: brak danych o cenie (typy na stronie: breadcrumblist, itemlist, website)
  - r2-bike.com: pomijam (blokada potwierdzona w tym runie)
  - bike-components.de: brak danych o cenie (typy na stronie: breadcrumblist, itemlist, website)
  - buycott.com: brak danych o cenie (typy na stronie: brand, breadcrumblist, faqpage)
  - target.com: brak danych o cenie (typy na stronie: brak JSON-LD)
  - walmart.com: brak danych o cenie (typy na stronie: webpage)
  - homedepot.com: pomijam (blokada potwierdzona w tym runie)
  - homedepot.com: pomijam (blokada potwierdzona w tym runie)
  - lowes.com: pomijam (blokada potwierdzona w tym runie)
  - homedepot.com: pomijam (blokada potwierdzona w tym runie)
  - lowes.com: pomijam (blokada potwierdzona w tym runie)
  - lowes.com: pomijam (blokada potwierdzona w tym runie)
  - global.garbaruk.com: brak danych o cenie (typy na stronie: brak JSON-LD)
  - global.garbaruk.com: brak danych o cenie (typy na stronie: brak JSON-LD)
  - global.garbaruk.com: brak danych o cenie (typy na stronie: brak JSON-LD)
  - tormino.com: niedostepny (outofstock)
  - suarbikes.com: brak danych o cenie (typy na stronie: breadcrumblist, website)
  - suicycle-store.com: brak wymaganych slow (aero) - pomijam
  - bike24.de: pomijam (blokada potwierdzona w tym runie)
  - receive-sms.cc: brak danych o cenie (typy na stronie: brak JSON-LD)
  - tellows.com: HTTP 403 (przegladarka tez nie przeszla)
  - turnermotorsport.com: HTTP 403 (przegladarka tez nie przeszla)
  - binlist.io: HTTP 403 (przegladarka tez nie przeszla)
  - blockchain.com: brak danych o cenie (typy na stronie: website)
  - buycott.com: brak danych o cenie (typy na stronie: brand, breadcrumblist, faqpage)
  - business.walmart.com: brak danych o cenie (typy na stronie: breadcrumblist, product)
  + kay.com: blokada ominieta headless Chromium
  - kay.com: brak wymaganych slow (garbaruk, aero) - pomijam
  + fcpeuro.com: blokada ominieta headless Chromium
  - fcpeuro.com: brak wymaganych slow (garbaruk, aero) - pomijam
  - bmwpartsdeal.com: brak wymaganych slow (garbaruk, aero) - pomijam
  - lowes.com: pomijam (blokada potwierdzona w tym runie)
  - powermetercity.com: pomijam (blokada potwierdzona w tym runie)
  - tradeinn.com: brak danych o cenie (typy na stronie: faqpage, organization, webpage)
  - mapquest.com: HTTP 202
  - cbinsights.com: brak danych o cenie (typy na stronie: breadcrumblist, organization, profilepage)
  - mapquest.com: HTTP 202
  - mapquest.com: HTTP 202
  - mapquest.com: HTTP 202
  - global.garbaruk.com: brak danych o cenie (typy na stronie: brak JSON-LD)
  - lordgunbicycles.com: pomijam (blokada potwierdzona w tym runie)
  - dashaus-southeastasia.com: brak danych o cenie (typy na stronie: brak JSON-LD)
  - sm-parts.net: niedostepny (outofstock)
  - rennrad-news.de: pomijam (blokada potwierdzona w tym runie)
  - global.garbaruk.com: brak danych o cenie (typy na stronie: brak JSON-LD)
  - zoominfo.com: pomijam (blokada potwierdzona w tym runie)
  - buycott.com: brak danych o cenie (typy na stronie: brand, breadcrumblist, faqpage)
  - buycott.com: brak danych o cenie (typy na stronie: brand, breadcrumblist, faqpage)
  - foodservicedirect.com: brak wymaganych slow (garbaruk, aero) - pomijam
  - lowes.com: pomijam (blokada potwierdzona w tym runie)
  - homedepot.com: pomijam (blokada potwierdzona w tym runie)
  - walmart.com: brak danych o cenie (typy na stronie: webpage)
  - lowes.com: pomijam (blokada potwierdzona w tym runie)
  - lowes.com: pomijam (blokada potwierdzona w tym runie)
  - global.garbaruk.com: brak danych o cenie (typy na stronie: brak JSON-LD)
  - mapquest.com: HTTP 202
  - global.garbaruk.com: brak danych o cenie (typy na stronie: brak JSON-LD)
  - global.garbaruk.com: brak danych o cenie (typy na stronie: brak JSON-LD)
  - global.garbaruk.com: brak danych o cenie (typy na stronie: brak JSON-LD)
  - global.garbaruk.com: brak danych o cenie (typy na stronie: brak JSON-LD)
  - global.garbaruk.com: brak danych o cenie (typy na stronie: brak JSON-LD)
  - garbaruk.com: brak danych o cenie (typy na stronie: brak JSON-LD)
  - garbaruk.com: brak danych o cenie (typy na stronie: brak JSON-LD)
  - garbaruk.com: brak danych o cenie (typy na stronie: brak JSON-LD)
[MONITOR] IBS-V1X: blind spoty do sprawdzenia przez Google: atypikwear.com, bikeforums.net, bowhunterssupplystore.com, britannica.com, businessinsider.com, diamondtechnique.com, dickssportinggoods.com, gearjunkie.com, goodrx.com, indeed.com, infinity-saddle.de, infinitybikeseat.com, infinitypipesystem.com, lostgolfballs.com, lovelybike.blogspot.com, m.alibaba.com, mapquest.com, olx.pl, pgn-nuenen.nl, picclick.es, precise-performance.co.uk, primepulselink.org, prodieselparts.com, projectcece.com, pubs.acs.org, racearoundpoland.pl, rocketreach.co, titleist.ca, titleist.co.kr, titleist.co.uk, titleist.com, titleist.eu, titleist.in.th, titleist.se, todays-golfer.com, tractorsupply.com, tracxn.com, virginiachronicle.com, weightweenies.starbike.com, x.com
[MONITOR] FORCE-AXS-PRAWA: blind spoty do sprawdzenia przez Google: 3mpolska.pl, academiadetopografie.ro, auto-doc.fr, autodoc.pl, baldersbychurch.com, bike24.at, bike24.be, bike24.com, bike24.de, bike24.es, bike24.fr, bike24.it, bike24.lu, bike24.nl, bike24.pl, bikeacademyshop.com, bikefast.pl, bretagne-materiaux.fr, capsfc.org, chrissports.ch, competitivecyclist.com, crankbike.pl, cycli.cz, cyklisticke-prislusenstvi.heureka.cz, darfi.net, deporvillage.com, deporvillage.de, eglisearena.com, fabreguesbicicletas.com, fnac.com, galaxus.de, gambacicli.fr, gtstore.cz, hygi.de, ibkbike.com, ibkbike.de, ibkbike.fr, ibksport.ch, ibksport.de, ibksport.es, idealo.es, idealo.fr, indeed.com, jensonusa.com, kola-radotin.cz, kompletni-sady.heureka.cz, kraftfahrrad.de, leboncoin.fr, lordgun.com, lordgun.de, lordgunbicycles.com, lordgunbicycles.fr, lvr-cycles.com, mapquest.com, mtbiker.pl, nencinisport.it, olx.pl, otto.de, papiermacherschule.at, powermetercity.com, r2-bike.com, rat-bikes.com, rat-bikes.eu, resocafecantineasso.fr, saintaubindecrosville.fr, sanferbike.com, servi-a.com, sklep.kadrzynski.pl, sprint-rowery.pl, tracxn.com, tradergames.fr, universalcycles.com, velofactory.ch, velonova.ee, velonova.lt, velopoint.pl, weightweenies.starbike.com
[MONITOR] GARBARUK-40T-AERO: blind spoty do sprawdzenia przez Google: 17track.net, acae.es, aleo.com, axevotech.eu, backcountry.com, barcodelookup.com, batacz.cz, beko.com, belk.com, bike24.at, bike24.be, bike24.com, bike24.de, bike24.es, bike24.fi, bike24.fr, bike24.lu, bike24.nl, bike24.pl, binlist.io, bol.com, bruneau.nl, camelcamelcamel.com, carrefour.es, carrefour.fr, cincodias.elpais.com, competitivecyclist.com, cz.kompass.com, elektro-produkt.cz, elektroshop.nl, es.kompass.com, fabreguesbicicletas.com, fnac.com, fnac.es, fr.kompass.com, galaxus.de, galaxus.fr, galaxus.nl, gowork.pl, grabagun.com, hap.pl, homedepot.com, intermotors.pl, ipublimar.pl, it.kompass.com, kaufland.fr, kaufland.pl, kompass.com, leroymerlin.es, leroymerlin.fr, levelninesports.com, lordgun.com, lordgunbicycles.com, lowes.com, mapquest.com, maxoutil.com, nl.kompass.com, nrpzs.uzis.cz, okcaller.com, owg.pl, perfectplus.com.pl, pl.kompass.com, pl.rs-online.com, powermetercity.com, r2-bike.com, rennrad-news.de, schuurman-et.nl, shop.cec.com, shop.dece.cz, starbike.com, tellows.com, toolsxl.nl, turnermotorsport.com, walmart.com, worten.es, zoominfo.com, zwieger.pl
[MONITOR] X0-CHAIN: blind spoty do sprawdzenia przez Google: abalos-tx.com, absolubike.fr, alutech-cycles.com, best-bike-parts.de, bicicletasapedales.com, bicispasaje.es, bike24.at, bike24.com, bike24.de, bike24.es, bike24.fi, bike24.fr, bike24.it, bike24.pl, competitivecyclist.com, fabreguesbicicletas.com, fnac.com, ftzshop.de, gambacicli.fr, grofova.cz, homedepot.com, ibkbike.com, ibkbike.fr, ibksport.com, ibksport.de, ibksport.es, ibksport.eu, ibksport.nl, idealo.at, idealo.es, idealo.fr, indeed.com, jensonusa.com, kbike.es, lordgun.com, lordgunbicycles.com, lordgunbicycles.es, lordgunbicycles.fr, mapquest.com, mtbiker.pl, placedeslibraires.fr, powermetercity.com, quantavici.com, r2-bike.com, rei.com, retezy.heureka.cz, sklep.kadrzynski.pl, sprint-rowery.pl, taddeistore.com, trodo.es, trodo.fr, tuning-bikes.de, vadebicis.com, velofactory.ch, wrightpediatricdentistry.com, x.com, zumbistore.pl
[MONITOR] GX-DERAILLEUR: blind spoty do sprawdzenia przez Google: 2peaksbikes.com, abalos-tx.com, ascekhn.com, bike-discount.de, bike24.at, bike24.com, bike24.de, bike24.es, bike24.fi, bike24.fr, bike24.it, bike24.lu, bike24.nl, bike24.pl, bikefast.pl, canadabicycleparts.com, carrefour.fr, chadjacksonpainting.com, codeval.es, competitivecyclist.com, deporvillage.pl, dispano.fr, ebike-mag.com, emilebicyclettes.com, eubike.pl, fiets.nl, fnac.com, gambacicli.fr, hb61bikes.com, hibike.com, hupnakolo.cz, ibksport.com, ibksport.fr, idealo.es, idealo.fr, jensonusa.com, kompletni-sady.heureka.cz, ltmracing.com, mapquest.com, marbleheadcycle.com, megabici.com, mtbiker.cz, mtbiker.pl, nencinisport.it, pitchbook.com, power-bikes.pl, prehazovacky.heureka.cz, r2-bike.com, rat-bikes.com, rat-bikes.eu, ratscycles.com, rei.com, sardicicli.com, sportler.com, super-bike.pl, thokbikes.com, tracxn.com, trodo.nl, velofactory.ch, velonova.lt, warszawakomornik.com.pl, weldom.fr, zumbistore.pl
[MONITOR] XX-SL-POWERMETER: blind spoty do sprawdzenia przez Google: aktywnawyprawa.com, backcountry.com, bike24.at, bike24.be, bike24.com, bike24.de, bike24.es, bike24.fi, bike24.fr, bike24.lu, bike24.nl, bike24.pl, carrefour.fr, chrissports.ch, ciclosartia.com, competitivecyclist.com, cyclingweb.nl, cyklisticke-prislusenstvi.heureka.cz, cyklomania.pl, deporvillage.pl, eastcitycycles.com, erowery.pl, fnac.com, gambacicli.fr, hummibikes.com, ibkbike.com, ibkbike.fr, ibksport.com, ibksport.eu, jensonusa.com, kingcyclesport.com, komparzon.com, kompletni-sady.heureka.cz, lordgunbicycles.com, mapquest.com, mtbiker.cz, mtbiker.pl, nencinisport.it, powermetercity.com, prontosoccorsoveterinarioroma.it, r2-bike.com, rei.com, ridewill.com, sledshedshop.com, starbike.com, taddeistore.com, velofactory.ch, velonova.ee, velonova.lt, weightweenies.starbike.com, zumbistore.pl
[MONITOR] FORCE-AXS-LEWA: blind spoty do sprawdzenia przez Google: allbike.dk, baldersbychurch.com, bdc-mag.com, bike24.at, bike24.be, bike24.com, bike24.de, bike24.es, bike24.fr, bike24.it, bike24.lu, bike24.pl, bikeacademyshop.com, bikecomponenti.com, bikefast.pl, bikesportworld.de, carlsbadinn.com, competitivecyclist.com, crankbike.pl, creoproject.pl, cyclehubbox.com, decathlon.pl, deporvillage.de, elvmotors.com, fabreguesbicicletas.com, galaxus.it, gambacicli.fr, ibksport.es, ibksport.eu, idealo.es, idealo.fr, indeed.com, intheknowcycling.com, jensonusa.com, lordgun.com, lordgun.de, lordgunbicycles.com, lordgunbicycles.es, lordgunbicycles.fr, lvr-cycles.com, mapquest.com, mtbiker.pl, nencinisport.it, olx.pl, parcosanpaolo.it, powermetercity.com, r2-bike.com, roweryonline.com, sanferbike.com, shop.free-bike.net, sprint-rowery.pl, starbike.com, tracxn.com, vcelisvet.cz, velofactory.ch, velonova.ee, velopoint.pl, zoominfo.com
[MONITOR] X0-CASSETTE: blind spoty do sprawdzenia przez Google: alfashirt.com, bicispasaje.es, bike24.at, bike24.be, bike24.com, bike24.de, bike24.es, bike24.fi, bike24.fr, bike24.it, bike24.lu, bike24.nl, bike24.pl, bikefast.pl, community.mtb-mag.com, competitivecyclist.com, crunchbase.com, decathlon.it, deporvillage.de, deporvillage.nl, deporvillage.pl, dieguteseiteberlin.de, fabreguesbicicletas.com, fiets.nl, gambacicli.fr, hb61bikes.com, idealo.es, idealo.fr, jensonusa.com, kazety.heureka.cz, kbike.es, kompletni-sady.heureka.cz, lordgun.com, lordgun.de, lordgunbicycles.com, lordgunbicycles.es, lordgunbicycles.fr, lvr-cycles.com, mapquest.com, mtbiker.pl, pienarbikeshop.com, power-bikes.pl, powermetercity.com, probikeshop.de, prodieselparts.com, quantavici.com, r2-bike.com, rat-bikes.com, rei.com, rennrad-news.de, retezy.heureka.cz, ridewill.com, sunandski.com, usedbikes-ob.de, velofactory.ch, zonacycles.com, zumbistore.pl
[MONITOR] Canyon S15 VCLS 2.0: blind spoty do sprawdzenia przez Google: fiets.nl, mapquest.com, mtbiker.pl, rennrad-news.de, ricardo.ch, sets-robot.com, tracxn.com, velonova.lt, weightweenies.starbike.com
[SHOPPING] Canyon S15 VCLS 2.0: pomijam kraje cz, it, ch, lt, at (limit 3/produkt/run)
[AUTH] serper: dostep odrzucony (HTTP 400) - wylaczam silnik do konca runu. HTTP 401/403: sprawdz odcisk sha256 klucza wyzej. HTTP 400 'not enough credits': konto Serper ma zero kredytow (darmowa pula 2500 jest jednorazowa, nie miesieczna) - lokalny licznik w data/serper_quota.json moze pokazywac wiecej niz naprawde zostalo (np. testy poza trackerem zuzywaja kredyty bez naszej wiedzy). Dokup kredyty na serper.dev albo czekaj na reset SerpAPI 1. dnia miesiaca.
[AUTH] serper: poczatek odpowiedzi: {"message":"Not enough credits","statusCode":400}
[SHOPPING] Canyon S15 VCLS 2.0 (gl=de, serpapi, fraza 1, str. 1): 19 ofert w feedzie, szukam: bike-magazin.de, bikeroar.com, buycycle.com, canyoncoolers.com, canyonspirit.com, cyclingclaude.de, education.nationalgeographic.org, en.wikipedia.org, forumrowerowe.org, forums.electricbikereview.com, gravelunion.cc, handsonbike.blogspot.com (+14)
[SHOPPING] Canyon S15 VCLS 2.0 (gl=de, serpapi, fraza 2, str. 1): 40 ofert w feedzie, szukam: bike-magazin.de, bikeroar.com, buycycle.com, canyoncoolers.com, canyonspirit.com, cyclingclaude.de, education.nationalgeographic.org, en.wikipedia.org, forumrowerowe.org, forums.electricbikereview.com, gravelunion.cc, handsonbike.blogspot.com (+14)
[SHOPPING] Canyon S15 VCLS 2.0 (gl=de, serper, fraza 2, str. 2): 0 ofert w feedzie, szukam: bike-magazin.de, bikeroar.com, buycycle.com, canyoncoolers.com, canyonspirit.com, cyclingclaude.de, education.nationalgeographic.org, en.wikipedia.org, forumrowerowe.org, forums.electricbikereview.com, gravelunion.cc, handsonbike.blogspot.com (+14)
[SHOPPING] Canyon S15 VCLS 2.0 (gl=pl, serpapi, fraza 1, str. 1): 15 ofert w feedzie, szukam: easypath.pl, mtbiker.pl
[SHOPPING] Canyon S15 VCLS 2.0 (gl=pl, serpapi, fraza 2, str. 1): 40 ofert w feedzie, szukam: easypath.pl, mtbiker.pl
[SHOPPING] Canyon S15 VCLS 2.0 (gl=pl, serper, fraza 2, str. 2): 0 ofert w feedzie, szukam: easypath.pl, mtbiker.pl
[SHOPPING] Canyon S15 VCLS 2.0 (gl=nl, serpapi, fraza 1, str. 1): 18 ofert w feedzie, szukam: fiets.nl
[SHOPPING] Canyon S15 VCLS 2.0 (gl=nl, serpapi, fraza 2, str. 1): 31 ofert w feedzie, szukam: fiets.nl
[SHOPPING] IBS-V1X: pomijam kraje uk, nl, es, se (limit 3/produkt/run)
[SHOPPING] IBS-V1X (gl=us, serpapi, fraza 1, str. 1): 40 ofert w feedzie, szukam: a100.gov.bc.ca, adamellissaddles.com, atriathletesdiary.com, atypikwear.com, ballpro.com, big5sportinggoods.com, bikeforums.net, bikeroar.com, bikewheelshub.com, bivouacannarbor.com, blog.lostgolfballs.com, bowhunterssupplystore.com (+102)
  - golf.com: brak wymaganych slow ('Universal Bike Saddle: Ergonomic Design for All Riders Green')
  - cyclingkinetics.com: tytul nie pasuje do produktu ('Bianchi Infinito CV Disc 105 Bicycle Carbon Fiber Saddle')
  - cyclingkinetics.com: tytul nie pasuje do produktu ('Bianchi Infinito CV Disc Ultegra Bicycle Carbon Fiber Saddle')
  - cyclingkinetics.com: tytul nie pasuje do produktu ('Bianchi Infinito CV Super Record EPS Bicycle Carbon Fiber Sa')
  - cyclingkinetics.com: tytul nie pasuje do produktu ('Bianchi Infinito CV Disc Frameset Bicycle Carbon Fiber Saddl')
  - cyclingkinetics.com: tytul nie pasuje do produktu ('Bianchi Infinito 105 Bicycle Carbon Fiber Saddle')
  - cyclingkinetics.com: tytul nie pasuje do produktu ('Bianchi Infinito CV Dama Bianca Ultegra Bicycle Carbon Fiber')
  - cyclingkinetics.com: tytul nie pasuje do produktu ('Bianchi Infinito CV Ultegra Bicycle Carbon Fiber Saddle')
  - cyclingkinetics.com: tytul nie pasuje do produktu ('Bianchi Infinito CV Ultegra Disc Bicycle Carbon Fiber Saddle')
[SHOPPING] IBS-V1X (gl=us, serper, fraza 1, str. 2): 0 ofert w feedzie, szukam: a100.gov.bc.ca, adamellissaddles.com, atriathletesdiary.com, atypikwear.com, ballpro.com, big5sportinggoods.com, bikeforums.net, bikeroar.com, bikewheelshub.com, bivouacannarbor.com, blog.lostgolfballs.com, bowhunterssupplystore.com (+102)
[SHOPPING] Budzet zapytan na ten run wyczerpany
[AUTH] google: dostep odrzucony (HTTP 403) - wylaczam silnik do konca runu. Custom Search JSON API jest zamkniete dla nowych klientow (od 2026; starzy do 2027-01-01). Warstwa CSE dziala tylko na starych projektach Google Cloud - jesli nie masz takiego, usun sekrety GOOGLE_API_KEY/GOOGLE_CX.
[AUTH] google: poczatek odpowiedzi: { "error": { "code": 403, "message": "This project does not have the access to Custom Search JSON API.", "errors": [ { "me
[SERPER] Kredyty: zuzyte 0 w tym runie, lacznie 2500 z 2500 (pozostalo 0) - API POTWIERDZILO BRAK KREDYTOW
[BLIND] IBS-V1X: bez ceny (sklep blokuje, Google nie pokryl): atypikwear.com, bikeforums.net, bowhunterssupplystore.com, britannica.com, businessinsider.com, diamondtechnique.com, dickssportinggoods.com, gearjunkie.com, goodrx.com, indeed.com, infinity-saddle.de, infinitybikeseat.com, infinitypipesystem.com, lostgolfballs.com, lovelybike.blogspot.com, m.alibaba.com, mapquest.com, olx.pl, pgn-nuenen.nl, picclick.es, precise-performance.co.uk, primepulselink.org, prodieselparts.com, projectcece.com, pubs.acs.org, racearoundpoland.pl, rocketreach.co, titleist.ca, titleist.co.kr, titleist.co.uk, titleist.com, titleist.eu, titleist.in.th, titleist.se, todays-golfer.com, tractorsupply.com, tracxn.com, virginiachronicle.com, weightweenies.starbike.com, x.com
[BLIND] FORCE-AXS-PRAWA: bez ceny (sklep blokuje, Google nie pokryl): 3mpolska.pl, academiadetopografie.ro, auto-doc.fr, autodoc.pl, baldersbychurch.com, bike24.at, bike24.be, bike24.com, bike24.de, bike24.es, bike24.fr, bike24.it, bike24.lu, bike24.nl, bike24.pl, bikeacademyshop.com, bikefast.pl, bretagne-materiaux.fr, capsfc.org, chrissports.ch, competitivecyclist.com, crankbike.pl, cycli.cz, cyklisticke-prislusenstvi.heureka.cz, darfi.net, deporvillage.com, deporvillage.de, eglisearena.com, fabreguesbicicletas.com, fnac.com, galaxus.de, gambacicli.fr, gtstore.cz, hygi.de, ibkbike.com, ibkbike.de, ibkbike.fr, ibksport.ch, ibksport.de, ibksport.es, idealo.es, idealo.fr, indeed.com, jensonusa.com, kola-radotin.cz, kompletni-sady.heureka.cz, kraftfahrrad.de, leboncoin.fr, lordgun.com, lordgun.de, lordgunbicycles.com, lordgunbicycles.fr, lvr-cycles.com, mapquest.com, mtbiker.pl, nencinisport.it, olx.pl, otto.de, papiermacherschule.at, powermetercity.com, r2-bike.com, rat-bikes.com, rat-bikes.eu, resocafecantineasso.fr, saintaubindecrosville.fr, sanferbike.com, servi-a.com, sklep.kadrzynski.pl, sprint-rowery.pl, tracxn.com, tradergames.fr, universalcycles.com, velofactory.ch, velonova.ee, velonova.lt, velopoint.pl, weightweenies.starbike.com
[BLIND] GARBARUK-40T-AERO: bez ceny (sklep blokuje, Google nie pokryl): 17track.net, acae.es, aleo.com, axevotech.eu, backcountry.com, barcodelookup.com, batacz.cz, beko.com, belk.com, bike24.at, bike24.be, bike24.com, bike24.de, bike24.es, bike24.fi, bike24.fr, bike24.lu, bike24.nl, bike24.pl, binlist.io, bol.com, bruneau.nl, camelcamelcamel.com, carrefour.es, carrefour.fr, cincodias.elpais.com, competitivecyclist.com, cz.kompass.com, elektro-produkt.cz, elektroshop.nl, es.kompass.com, fabreguesbicicletas.com, fnac.com, fnac.es, fr.kompass.com, galaxus.de, galaxus.fr, galaxus.nl, gowork.pl, grabagun.com, hap.pl, homedepot.com, intermotors.pl, ipublimar.pl, it.kompass.com, kaufland.fr, kaufland.pl, kompass.com, leroymerlin.es, leroymerlin.fr, levelninesports.com, lordgun.com, lordgunbicycles.com, lowes.com, mapquest.com, maxoutil.com, nl.kompass.com, nrpzs.uzis.cz, okcaller.com, owg.pl, perfectplus.com.pl, pl.kompass.com, pl.rs-online.com, powermetercity.com, r2-bike.com, rennrad-news.de, schuurman-et.nl, shop.cec.com, shop.dece.cz, starbike.com, tellows.com, toolsxl.nl, turnermotorsport.com, walmart.com, worten.es, zoominfo.com, zwieger.pl
[BLIND] X0-CHAIN: bez ceny (sklep blokuje, Google nie pokryl): abalos-tx.com, absolubike.fr, alutech-cycles.com, best-bike-parts.de, bicicletasapedales.com, bicispasaje.es, bike24.at, bike24.com, bike24.de, bike24.es, bike24.fi, bike24.fr, bike24.it, bike24.pl, competitivecyclist.com, fabreguesbicicletas.com, fnac.com, ftzshop.de, gambacicli.fr, grofova.cz, homedepot.com, ibkbike.com, ibkbike.fr, ibksport.com, ibksport.de, ibksport.es, ibksport.eu, ibksport.nl, idealo.at, idealo.es, idealo.fr, indeed.com, jensonusa.com, kbike.es, lordgun.com, lordgunbicycles.com, lordgunbicycles.es, lordgunbicycles.fr, mapquest.com, mtbiker.pl, placedeslibraires.fr, powermetercity.com, quantavici.com, r2-bike.com, rei.com, retezy.heureka.cz, sklep.kadrzynski.pl, sprint-rowery.pl, taddeistore.com, trodo.es, trodo.fr, tuning-bikes.de, vadebicis.com, velofactory.ch, wrightpediatricdentistry.com, x.com, zumbistore.pl
[BLIND] GX-DERAILLEUR: bez ceny (sklep blokuje, Google nie pokryl): 2peaksbikes.com, abalos-tx.com, ascekhn.com, bike-discount.de, bike24.at, bike24.com, bike24.de, bike24.es, bike24.fi, bike24.fr, bike24.it, bike24.lu, bike24.nl, bike24.pl, bikefast.pl, canadabicycleparts.com, carrefour.fr, chadjacksonpainting.com, codeval.es, competitivecyclist.com, deporvillage.pl, dispano.fr, ebike-mag.com, emilebicyclettes.com, eubike.pl, fiets.nl, fnac.com, gambacicli.fr, hb61bikes.com, hibike.com, hupnakolo.cz, ibksport.com, ibksport.fr, idealo.es, idealo.fr, jensonusa.com, kompletni-sady.heureka.cz, ltmracing.com, mapquest.com, marbleheadcycle.com, megabici.com, mtbiker.cz, mtbiker.pl, nencinisport.it, pitchbook.com, power-bikes.pl, prehazovacky.heureka.cz, r2-bike.com, rat-bikes.com, rat-bikes.eu, ratscycles.com, rei.com, sardicicli.com, sportler.com, super-bike.pl, thokbikes.com, tracxn.com, trodo.nl, velofactory.ch, velonova.lt, warszawakomornik.com.pl, weldom.fr, zumbistore.pl
[BLIND] XX-SL-POWERMETER: bez ceny (sklep blokuje, Google nie pokryl): aktywnawyprawa.com, backcountry.com, bike24.at, bike24.be, bike24.com, bike24.de, bike24.es, bike24.fi, bike24.fr, bike24.lu, bike24.nl, bike24.pl, carrefour.fr, chrissports.ch, ciclosartia.com, competitivecyclist.com, cyclingweb.nl, cyklisticke-prislusenstvi.heureka.cz, cyklomania.pl, deporvillage.pl, eastcitycycles.com, erowery.pl, fnac.com, gambacicli.fr, hummibikes.com, ibkbike.com, ibkbike.fr, ibksport.com, ibksport.eu, jensonusa.com, kingcyclesport.com, komparzon.com, kompletni-sady.heureka.cz, lordgunbicycles.com, mapquest.com, mtbiker.cz, mtbiker.pl, nencinisport.it, powermetercity.com, prontosoccorsoveterinarioroma.it, r2-bike.com, rei.com, ridewill.com, sledshedshop.com, starbike.com, taddeistore.com, velofactory.ch, velonova.ee, velonova.lt, weightweenies.starbike.com, zumbistore.pl
[BLIND] FORCE-AXS-LEWA: bez ceny (sklep blokuje, Google nie pokryl): allbike.dk, baldersbychurch.com, bdc-mag.com, bike24.at, bike24.be, bike24.com, bike24.de, bike24.es, bike24.fr, bike24.it, bike24.lu, bike24.pl, bikeacademyshop.com, bikecomponenti.com, bikefast.pl, bikesportworld.de, carlsbadinn.com, competitivecyclist.com, crankbike.pl, creoproject.pl, cyclehubbox.com, decathlon.pl, deporvillage.de, elvmotors.com, fabreguesbicicletas.com, galaxus.it, gambacicli.fr, ibksport.es, ibksport.eu, idealo.es, idealo.fr, indeed.com, intheknowcycling.com, jensonusa.com, lordgun.com, lordgun.de, lordgunbicycles.com, lordgunbicycles.es, lordgunbicycles.fr, lvr-cycles.com, mapquest.com, mtbiker.pl, nencinisport.it, olx.pl, parcosanpaolo.it, powermetercity.com, r2-bike.com, roweryonline.com, sanferbike.com, shop.free-bike.net, sprint-rowery.pl, starbike.com, tracxn.com, vcelisvet.cz, velofactory.ch, velonova.ee, velopoint.pl, zoominfo.com
[BLIND] X0-CASSETTE: bez ceny (sklep blokuje, Google nie pokryl): alfashirt.com, bicispasaje.es, bike24.at, bike24.be, bike24.com, bike24.de, bike24.es, bike24.fi, bike24.fr, bike24.it, bike24.lu, bike24.nl, bike24.pl, bikefast.pl, community.mtb-mag.com, competitivecyclist.com, crunchbase.com, decathlon.it, deporvillage.de, deporvillage.nl, deporvillage.pl, dieguteseiteberlin.de, fabreguesbicicletas.com, fiets.nl, gambacicli.fr, hb61bikes.com, idealo.es, idealo.fr, jensonusa.com, kazety.heureka.cz, kbike.es, kompletni-sady.heureka.cz, lordgun.com, lordgun.de, lordgunbicycles.com, lordgunbicycles.es, lordgunbicycles.fr, lvr-cycles.com, mapquest.com, mtbiker.pl, pienarbikeshop.com, power-bikes.pl, powermetercity.com, probikeshop.de, prodieselparts.com, quantavici.com, r2-bike.com, rat-bikes.com, rei.com, rennrad-news.de, retezy.heureka.cz, ridewill.com, sunandski.com, usedbikes-ob.de, velofactory.ch, zonacycles.com, zumbistore.pl
[BLIND] Canyon S15 VCLS 2.0: bez ceny (sklep blokuje, Google nie pokryl): fiets.nl, mapquest.com, mtbiker.pl, rennrad-news.de, ricardo.ch, sets-robot.com, tracxn.com, velonova.lt, weightweenies.starbike.com
[HISTORIA] Canyon S15 VCLS 2.0: najnizsza 409.55 PLN (biclo.pl)
[HISTORIA] IBS-V1X: najnizsza 1510.15 PLN (cyclingupgrades.com)
[HISTORIA] FORCE-AXS-LEWA: najnizsza 1059.79 PLN (fitstore24.com)
[HISTORIA] FORCE-AXS-PRAWA: najnizsza 1050.16 PLN (tnc-hamburg.com)
[HISTORIA] X0-CASSETTE: najnizsza 1396.42 PLN (bike-components.de)
[HISTORIA] GX-DERAILLEUR: najnizsza 1510.02 PLN (rosebikes.pl)
[HISTORIA] X0-CHAIN: najnizsza 350.38 PLN (tudetic.com)
[HISTORIA] XX-SL-POWERMETER: najnizsza 1575.86 PLN (bike-discount.de)
[HISTORIA] GARBARUK-40T-AERO: najnizsza 291.32 PLN (derbaranski.shop)
[EXCEL] Zapisano /home/runner/work/PriceChecker/PriceChecker/output/prices.xlsx
[CZAS] run z harmonogramu: przebieg trwal 165 min 26 s
[DASHBOARD] Zapisano /home/runner/work/PriceChecker/PriceChecker/output/dashboard.html (+ docs/index.html dla GitHub Pages)
Gotowe.
